name,wifi,parking,baggage storage,24-hour front desk,daily housekeeping,smoke-free,pets,room service,elevator,air conditioning,tv,24-hour security,wheelchair accessible,refrigerator,electric kettle
Mama Shelter London - Shoreditch,0,0,1,1,1,1,1,1,1,1,1,1,1,1,0
Victor Hotel - London Victoria,0,0,1,1,1,1,0,0,1,0,1,1,0,0,1
OYO Abbey Hotel,0,0,1,0,0,1,0,0,1,0,1,0,0,0,0
Central Park Hotel,0,0,1,1,1,1,0,1,1,0,1,1,1,0,1
Buckle Street Studios by Locke,0,0,1,1,0,1,0,0,1,1,1,1,1,0,0
Cove Landmark Pinnacle,0,0,1,1,0,1,0,0,1,0,1,1,1,1,1
Lancaster Gate Hotel,0,0,1,1,1,1,0,1,1,1,1,1,0,0,1
Point A Kensington Olympia,0,0,1,1,0,1,0,0,1,1,1,0,1,0,0
NOX HOTELS - Notting Hill,1,0,1,0,0,1,0,0,1,1,1,0,0,1,1
Moxy London Stratford,0,0,1,1,1,1,1,0,1,1,1,0,1,0,0
OYO Huttons Hotel,0,0,1,1,0,1,0,0,1,0,1,0,0,0,0
Moxy London Excel,1,0,1,1,1,1,1,0,1,1,1,0,1,0,0
YOTEL London City,0,0,1,1,1,1,0,0,1,1,1,1,1,0,0
Clayton Crown Hotel London,0,0,1,1,0,1,0,1,1,1,1,1,0,0,0
Aloft London Excel,1,0,0,1,0,1,0,1,1,1,1,0,1,0,0
Holiday Inn Express London-Hammersmith an IHG Hotel,0,0,1,1,1,1,0,0,1,1,1,1,0,0,1
Courtyard By Marriott London City Airport,0,0,1,1,1,1,0,0,1,1,1,1,1,0,1
OYO Studios @ 28,0,0,0,0,1,1,0,0,1,0,1,1,0,0,1
Rooms at The Scottish Stores,0,0,1,0,0,1,0,0,1,0,1,0,0,0,0
OYO The Arch Wembley,0,0,1,0,0,1,0,1,1,0,1,0,0,0,0
The Gresham Hotel,0,0,0,1,0,1,0,0,1,0,1,0,0,0,0
Clayton Hotel Chiswick,0,0,0,1,1,1,0,1,1,1,1,0,0,0,1
NH London Kensington,0,0,1,1,1,1,0,1,1,1,1,1,1,0,1
OYO Flagship Anchor Hotel,0,0,1,0,1,1,0,0,1,0,1,0,0,0,0
Pelican London Hotel and Residence,0,0,1,1,1,1,0,0,1,1,1,0,0,0,0
Merit Kensington Hotel,0,0,1,0,1,1,0,0,1,1,1,0,0,1,1
Holiday Inn Express London Greenwich an IHG Hotel,0,0,1,1,1,1,0,0,1,1,1,0,0,0,1
New Road Hotel,0,0,1,1,1,1,0,0,1,1,1,1,1,0,0
Point A Hotel London Shoreditch,0,0,1,1,0,1,0,0,1,1,1,0,0,0,0
Hampton By Hilton London Docklands,1,0,1,1,1,1,0,0,1,1,1,0,1,0,0
NOX HOTELS - West End Lane II,1,0,1,0,1,1,0,0,1,1,1,0,0,1,1
Grand Plaza Serviced Apartments,0,0,0,1,0,1,0,0,1,0,1,0,1,1,1
Hilton London Wembley,0,0,1,1,0,1,1,1,1,1,1,0,0,0,0
London House Hotel,0,0,1,1,1,1,0,0,1,1,1,0,0,1,1
The Tower Hotel,0,0,1,1,1,1,0,1,1,0,1,0,1,0,1
Holiday Inn London - Whitechapel an IHG Hotel,0,0,1,1,1,1,0,1,1,1,1,1,0,0,1
Crowne Plaza London Ealing an IHG Hotel,0,0,1,1,1,1,0,1,1,1,1,0,1,0,0
Point A London Liverpool Street,1,0,1,1,0,1,0,0,1,1,1,0,1,0,0
ibis London Shepherds Bush - Hammersmith,0,0,1,1,1,1,0,0,1,1,1,0,0,0,1
23,0,0,1,0,0,1,0,0,1,0,1,1,0,0,0
NOX HOTELS - Olympia,1,0,1,1,1,1,0,0,1,1,1,0,0,0,1
Novotel London Greenwich,0,0,1,1,1,1,1,1,1,0,1,0,1,0,1
Aparthotel Adagio London Stratford,0,0,0,1,0,1,1,0,1,1,1,0,0,1,1
Point A Hotel London Paddington,0,0,1,1,0,1,0,0,1,1,1,0,1,0,0
Stayo Homes Covent Garden,0,0,0,0,0,1,0,0,1,0,1,0,0,0,1
London - Wembley International Hotel,0,0,1,1,0,1,0,1,1,1,1,0,0,0,1
Caesar Hotel,0,0,1,1,0,1,1,1,1,1,1,1,1,0,1
Staycity Aparthotels Greenwich High Road,0,0,1,1,0,1,0,0,1,1,1,0,1,1,1
Millennium & Copthorne Hotels at Chelsea Football Club,0,0,1,1,0,1,0,1,1,1,1,1,0,0,1
Point A Hotel London Canary Wharf,0,0,1,1,0,1,0,0,1,1,1,1,1,0,0
Berjaya Eden Park London Hotel,0,0,1,1,0,1,0,0,1,0,1,0,0,0,1
En Suite Rooms TUFNELL PARK - SK,0,0,0,0,0,1,0,0,1,0,1,0,0,0,0
Best Western Swiss Cottage Hotel,0,0,1,1,1,1,0,1,1,0,1,1,0,0,0
Holiday Inn Express Park Royal an IHG Hotel,1,0,1,1,1,1,0,0,1,1,1,0,0,0,1
Corus Hyde Park Hotel,0,0,1,1,1,1,0,1,1,1,1,1,1,0,1
OYO The Green Man Pub And Hotel,0,0,1,0,1,1,0,0,1,0,1,0,0,0,1
Assaha Hyde Park Apartments,0,0,0,0,1,1,0,1,1,0,1,0,0,1,1
Barry House,0,0,1,0,1,1,0,0,1,0,1,0,0,0,1
easyHotel London City Shoreditch,0,0,1,1,1,1,0,0,1,1,1,0,1,0,0
Sonder l Edgware Road,1,0,0,0,0,1,0,0,1,1,1,0,0,0,0
Millennium Gloucester Hotel London,1,0,1,1,1,1,0,1,1,1,1,1,0,0,1
OYO Epsilon Hotel,0,0,0,1,1,1,0,0,1,0,1,0,0,0,0
Best Western Corona Hotel,0,0,1,1,1,1,0,0,1,0,1,1,0,0,0
Central Comfort Rooms,1,0,1,0,1,1,0,0,1,0,1,0,0,1,1
Park Plaza London Park Royal,0,0,1,1,1,1,0,1,1,1,1,0,1,0,1
Ensuite Rooms SPITAFIELDS-SK,0,0,0,0,0,1,0,0,1,0,1,0,0,1,0
Holiday Inn Express London Chingford an IHG Hotel,0,0,1,1,1,1,0,0,1,1,1,0,1,0,1
Hyde Park Boutique Hotel,0,0,1,1,1,1,0,1,1,0,1,1,0,0,1
Holiday Inn London West an IHG Hotel,0,0,1,1,1,1,0,1,1,1,1,1,0,0,1
Admiral Hotel at Park Avenue,0,0,1,1,1,1,0,0,1,0,1,0,0,1,1
DoubleTree By Hilton London Excel,0,0,1,1,1,1,0,1,1,1,1,0,1,0,1
The Paramount Hotel,0,0,0,0,1,1,0,0,1,0,1,0,0,0,0
Best Western Chiswick Palace & Suites London,0,0,0,1,1,1,0,0,1,1,1,1,0,0,1
London Court Hotel,0,0,1,1,1,1,0,0,1,1,1,0,0,1,1
OYO London Lodge,0,0,0,0,1,1,0,0,1,0,1,0,0,0,0
Selina Camden,0,0,1,1,0,1,1,0,1,1,1,0,0,0,0
Park Avenue J Hotel London Hyde Park,0,0,1,1,1,1,0,1,1,1,1,1,0,0,1
Holiday Inn Express Royal Docks an IHG Hotel,0,0,0,1,1,1,0,0,1,1,1,0,0,0,1
Queensway Hotel Sure Hotel Collection by Best Western,0,0,1,1,1,1,0,0,1,0,1,1,0,0,0
Novotel London West,0,0,1,1,1,1,1,1,1,1,1,1,1,0,1
Forest In City Lodge,0,0,0,0,0,1,0,0,1,0,1,0,0,1,1
The Judd Hotel,0,0,1,1,0,1,0,0,1,1,1,0,0,0,1
OYO Townhouse 30 Sussex Hotel,0,0,1,1,1,1,0,0,1,1,1,1,0,0,1
The Westbridge Hotel,0,0,1,1,1,1,0,1,1,1,1,1,0,0,1
Lord Kensington Hotel,1,0,1,0,1,1,0,0,1,0,1,0,0,0,1
Snoozebox Olympic Park,0,0,0,1,0,1,0,0,1,1,1,1,1,0,0
Martel Guest House all rooms with aircon,0,0,1,0,1,1,0,0,1,1,1,0,0,1,0
Apartments Craven Terrace,0,0,0,0,0,1,0,0,1,0,1,0,0,1,1
Holiday Inn Express London Limehouse an IHG Hotel,0,0,1,1,1,1,0,0,1,1,1,0,1,0,1
Balham Lodge,0,0,1,0,0,1,0,0,1,0,1,1,0,0,0
Belsize Park Boutique Accommodation,0,0,0,0,0,1,0,0,1,0,1,0,0,0,0
Sonder at St. John's Garden Clerkenwell,1,0,0,0,0,1,0,0,1,0,1,0,0,1,1
K+K Hotel George Kensington,0,0,1,1,1,1,0,1,1,1,1,0,0,0,1
Stunning New Development in Barking,1,0,0,0,0,1,0,0,1,0,1,0,0,1,0
citizenM London Bankside,0,0,1,1,1,1,0,0,1,1,1,1,1,1,0
Days Inn Hyde Park,0,0,1,1,1,1,0,0,1,0,1,1,0,0,0
W6 Hotel,0,0,1,1,0,1,0,0,1,0,1,1,0,1,1
Generator London,0,0,1,1,1,1,1,0,1,0,1,0,1,0,0
Mk Hotel London,0,0,1,0,1,1,0,0,1,1,1,0,0,0,1
ibis London City - Shoreditch,0,0,0,1,1,1,1,0,1,0,1,0,0,0,1
Studios2Let,1,0,0,1,0,1,0,0,1,1,1,0,0,1,1
Holiday Inn Express Earls Court an IHG Hotel,0,0,0,1,0,1,0,0,1,1,1,1,1,0,1
OYO Bakers Hotel,0,0,0,1,1,1,0,0,1,0,1,0,0,0,1
Comfort Inn Victoria,0,0,1,1,1,1,0,0,1,1,1,0,0,0,1
Hotel 55,0,0,1,1,1,1,0,0,1,1,1,1,0,1,1
Charlotte & Tottenham Rooms by EveryWhere to Sleep London,0,0,0,0,0,1,0,0,1,0,1,1,0,0,0
Belvedere Hotel,0,0,1,1,1,1,0,0,1,0,1,0,0,0,1
Point A Hotel London Westminster,0,0,1,1,0,1,0,0,1,1,1,0,1,0,0
The Corner London City,0,0,1,1,1,1,0,0,1,1,1,0,1,0,0
The Oval House,1,0,0,0,1,1,0,0,1,0,1,0,0,0,1
Queens Park Hotel,0,0,1,1,1,1,0,1,1,1,1,0,0,0,1
London Star Hotel,0,0,1,1,1,1,0,0,1,1,1,0,0,0,1
No1 The Mansions By Mansley,0,0,0,0,1,1,0,0,1,0,1,0,0,1,1
OYO Central Hotel Golders Green,0,0,1,0,1,1,0,0,1,0,1,0,0,0,1
Park Avenue Inn Craven London Hyde Park,0,0,1,1,1,1,0,0,1,1,1,0,0,0,1
City Budget Guesthouse,0,0,0,0,0,1,0,0,1,0,1,0,0,1,0
The Premier Notting Hill,0,0,1,1,1,1,0,0,1,1,1,1,0,0,1
Kensington Gardens Hotel,0,0,1,0,1,1,0,0,1,0,1,0,0,0,1
Dreamtel London Kensington,0,0,1,1,1,1,0,0,1,1,1,0,0,0,1
Mabledon Court Hotel,0,0,1,1,0,1,0,0,1,0,1,0,0,0,1
Dover Hotel - B&B,0,0,1,1,1,1,0,0,1,0,1,1,0,0,1
Eurotraveller Hotel- Express (Elephant & Castle),0,0,1,1,0,1,0,1,1,0,1,0,0,0,1
Melandre Hotel By Saba,0,0,1,1,1,1,0,0,1,0,1,1,0,0,1
Park Avenue Bayswater Inn Hyde Park,0,0,1,1,1,1,0,0,1,1,1,1,0,0,1
Canary Wharf Studios,1,0,0,0,1,1,0,0,1,0,1,1,0,1,1
Queens Drive Hotel at Finsbury Park,0,0,0,1,1,1,0,1,1,0,1,0,0,0,1
The Villa Kensington,0,0,1,1,0,1,0,0,1,1,1,1,0,0,1
Sidney Hotel London-Victoria,0,0,1,1,1,1,0,0,1,1,1,1,0,0,1
Hyde Park Executive Apartments,1,0,1,1,0,1,0,0,1,0,1,1,0,1,1
The House of Toby,0,0,1,1,1,1,0,0,1,1,1,1,0,0,1
Alexandra Hotel,0,0,1,1,0,1,0,0,1,0,1,0,0,0,1
The Royale Chulan Hyde Park Hotel,1,0,1,0,1,1,0,1,1,0,1,0,0,1,1
London Olympus Hotel Nirvana,0,0,1,1,1,1,0,1,1,0,1,0,0,0,1
Royal Eagle Hotel,0,0,0,1,0,1,0,0,1,0,1,0,0,0,0
Seraphine Kensington Olympia,0,0,1,1,1,1,0,0,1,1,1,1,0,0,1
London City Airport Hotel,0,0,1,0,0,1,0,0,1,1,1,1,0,0,0
Royal London Hotel By Saba,0,0,1,1,1,1,0,1,1,0,1,1,0,0,1
Rove London Hotel,0,0,0,1,0,1,0,0,1,0,1,0,0,0,1
Phoenix Hotel,0,0,1,1,1,1,0,0,1,0,1,1,0,0,1
Kip Hotel,0,0,1,1,1,1,0,0,1,1,1,0,0,0,0
Stay Inn Farringdon,0,0,0,0,0,1,0,0,1,0,1,1,0,1,1
KingswayPark Hotel at Park Avenue,0,0,1,1,1,1,0,0,1,0,1,0,0,1,1
Horizons Accommodation,0,0,0,0,0,1,0,0,1,0,1,0,0,1,1
Zedwell Piccadilly,0,0,1,1,0,1,0,0,1,1,1,1,0,0,0
Mowbray Court Hotel,0,0,1,1,1,1,0,0,1,1,1,1,0,0,1
Euro Hotel,1,0,0,0,0,1,0,0,1,0,1,0,0,0,1
Aaraya London - FKA Gower Hotel,0,0,1,1,1,1,0,0,1,0,1,1,0,0,1
Caring Hotel,0,0,1,1,1,1,0,0,1,0,1,1,0,0,1
Space ApartHotel,0,0,1,1,0,1,0,0,1,1,1,0,0,1,1
Blakemore Hyde Park,0,0,1,1,1,1,0,0,1,1,1,1,0,1,1
Norfolk Towers Paddington,0,0,1,1,1,1,0,0,1,1,1,1,0,1,1
Chelsea Bridge Apartments,1,0,1,0,0,1,0,0,1,1,1,1,1,1,1
Viking Hotel,0,0,1,1,1,1,0,0,1,0,1,0,0,0,1
The Montana Hotel,1,0,1,1,1,1,0,1,1,1,1,0,0,1,1
Oxford Street Homestay,0,0,0,0,0,1,0,0,1,0,1,0,0,0,1
Chelsea Cloisters,0,0,0,1,1,1,0,0,1,0,1,1,0,0,0
City Lodge London,0,0,1,1,1,1,0,0,1,0,1,0,0,0,0
Savoy Apartments,0,0,0,0,0,1,1,1,1,1,1,1,0,1,1
The Hurdwick,0,0,1,0,1,1,0,0,1,1,1,1,0,0,0
Troy Hotel,0,0,1,1,1,1,0,0,1,0,1,1,0,0,1
Messina Studios,0,0,0,0,0,1,0,0,1,1,1,0,0,1,1
Paddington Apartments,0,0,0,0,0,1,0,0,1,1,1,0,0,1,1
City Rooms,0,0,0,0,0,1,0,0,1,0,1,0,0,0,0
Smart Hyde Park View Hostel,0,0,1,1,0,1,0,0,1,0,1,1,0,0,0
London Stay Apartments,0,0,0,0,0,1,0,0,1,0,1,0,0,1,1
The Crown Pub & Guesthouse,1,0,0,0,0,1,0,0,1,0,1,0,0,0,1
The W14 Hotel,0,0,1,1,1,1,0,0,1,1,1,1,0,0,1
Fountain Hotel,0,0,0,0,0,1,0,0,1,0,1,0,0,1,1
The Duke Rooms London,0,0,1,1,1,1,0,0,1,1,1,1,0,0,1
Avon Hotel,0,0,1,1,1,1,0,0,1,0,1,0,0,0,0
The Kings Arms,1,0,1,0,0,1,0,0,1,0,1,0,0,0,0
Caledonian Studio Flats,1,0,1,0,1,1,0,0,1,1,1,0,0,0,1
The Gate ApartHotel London,0,0,1,0,0,1,0,0,1,1,1,1,1,1,1
Smart Hyde Park Inn Hostel,0,0,1,1,1,1,0,0,1,0,1,1,0,0,0
The Melville Hotel Kings Cross,1,0,1,1,0,1,0,0,1,0,1,1,0,0,1
Mentone Hotel - B&B,0,0,1,0,1,1,0,0,1,0,1,0,0,0,1
Saint James Backpackers,0,0,1,1,1,1,0,0,1,0,1,0,0,0,0
Parkwood Hotel,0,0,0,0,0,1,0,0,1,0,1,0,0,0,1
Dolphin Hotel,0,0,1,1,1,1,0,1,1,0,1,1,0,1,1
Crestfield Hotel,0,0,1,1,1,1,0,0,1,0,1,1,0,0,1
Belgravia Rooms Hotel,0,0,1,1,1,1,0,0,1,0,1,0,0,0,1
72QT,0,0,1,0,1,1,0,0,1,0,1,0,0,0,1
Shakespeare Hotel,0,0,1,1,1,1,0,0,1,0,1,1,0,1,1
The Knaresborough by Aura Collection,1,0,0,0,0,1,0,0,1,1,1,0,0,0,1
Thirsk Road Studios by EveryWhere to Sleep London,1,0,0,0,0,1,0,0,1,0,1,1,0,0,0
Studios2Let - North Gower,0,0,1,0,0,1,0,0,1,0,1,0,0,1,1
Arriva Hotel,0,0,1,1,1,1,0,0,1,0,1,0,0,0,1
London ExCeL Stays,0,0,1,0,0,1,0,0,1,0,1,0,0,0,1
The Forester Ealing,1,0,1,0,0,1,0,0,1,0,1,0,0,0,0
Gladstone Park Guest House,0,0,0,0,0,1,0,0,1,0,1,0,0,1,1
Grove Apartments,0,0,0,1,1,1,0,0,1,0,1,1,0,1,1
Bray Guest Rooms,1,0,0,0,0,1,0,0,1,0,1,1,0,0,1
Dolphin Inn - The Lodge,0,0,1,1,0,1,0,0,1,0,1,0,0,0,0
Central Victorian House,0,0,0,0,0,1,0,0,1,0,1,1,0,0,1
Central Hoxton Shoreditch,0,0,1,1,1,1,0,0,1,1,1,0,0,1,1
Prince of Wales - Townhouse,1,0,0,0,0,1,0,1,1,0,1,0,0,0,1
Thames View House Surrey Quays,1,0,0,0,1,1,0,0,1,0,1,0,0,0,0
Green Rooms,0,0,1,1,0,1,0,0,1,0,1,0,1,0,0
City studios london,0,0,0,0,0,1,0,0,1,0,1,0,0,0,1
Fully equipped 1 bed flat in Croydon,0,0,0,0,0,1,0,0,1,0,1,0,0,1,1
London Backpackers Youth Hostel,1,0,1,0,0,1,0,0,1,0,1,1,0,0,0
Manor House Studios,0,0,0,0,0,1,0,0,1,0,1,0,0,1,1
City Studio Apartments by London Regent,0,0,0,0,0,1,0,0,1,0,1,0,0,1,1
Fairholme Studios,1,0,0,0,0,1,0,0,1,0,1,0,0,1,1
Smart Camden Inn Hostel,0,0,1,1,0,1,0,0,1,1,1,0,0,0,0
Smart Russell Square Hostel,0,0,1,1,0,1,0,0,1,0,1,0,0,0,0
Clink261 Hostel,0,0,1,1,1,1,0,0,1,0,1,1,0,0,0
Park Grand London Kensington,0,0,1,1,0,1,0,1,1,1,1,0,0,0,1
Inhabit,1,0,0,1,1,1,0,0,1,1,1,1,1,0,0
Bermondsey Square Hotel - A Bespoke Hotel,0,0,1,1,1,1,1,1,1,1,1,1,1,1,1
The Z Hotel Trafalgar,0,0,1,1,0,1,0,0,1,1,1,1,1,0,1
The Z Hotel Victoria,0,0,1,1,1,1,0,0,1,1,1,0,0,0,0
The Z Hotel Holborn,0,0,0,1,1,1,0,0,1,1,1,0,0,0,1
The Z Hotel Shoreditch,0,0,1,1,1,1,0,0,1,1,1,0,1,0,1
The Z Hotel Tottenham Court Road,0,0,1,1,1,1,0,0,1,1,1,0,1,0,1
The Z Hotel Gloucester Place,0,0,1,1,1,1,0,0,1,1,1,0,0,0,1
The Z Hotel Covent Garden,0,0,1,1,1,1,0,0,1,1,1,0,1,0,1
The Z Hotel Soho,0,0,1,1,1,1,0,0,1,1,1,0,0,0,1
The Z Hotel Piccadilly,0,0,1,1,1,1,0,0,1,1,1,0,0,0,1
Paddington Court Executive Rooms,0,0,1,0,0,1,0,1,1,1,1,0,0,0,1
Park Grand Paddington Court,0,0,1,1,1,1,0,1,1,1,1,1,0,0,1
DoubleTree by Hilton London Victoria,0,0,1,1,1,1,0,1,1,1,1,1,0,1,1
Best Western Mornington Hotel Hyde Park,0,0,1,1,1,1,0,1,1,1,1,1,0,0,1
Doubletree By Hilton London - Greenwich,1,0,1,1,0,1,0,1,1,1,1,1,0,0,1
Grand Royale London Hyde Park,0,0,1,1,0,1,0,1,1,1,1,0,0,0,1
The Z Hotel City,0,0,0,1,1,1,0,0,1,1,1,0,1,0,1
Park Grand London Hyde Park,0,0,1,1,0,1,0,1,1,1,1,0,0,0,1
DoubleTree by Hilton London Chelsea,0,0,1,1,1,1,0,1,1,1,1,1,0,1,1
Hyde Park International - Member of Park Grand London,0,0,1,1,1,1,0,1,1,1,1,1,0,0,1
The Z Hotel Strand,1,0,0,1,0,1,0,0,1,1,1,0,0,0,1
Best Western The Boltons Hotel London Kensington,0,0,1,1,1,1,0,1,1,1,1,1,0,0,1
Hilton London Olympia,1,0,1,1,1,1,1,1,1,1,1,1,0,0,0
Dorsett Shepherds Bush London,0,0,1,1,1,1,0,0,1,1,1,1,1,0,0
Lansbury Heritage Hotel,0,0,1,1,1,1,0,0,1,1,1,1,0,1,1
OYO Vegas Hotel,0,0,0,1,0,1,0,0,1,0,1,0,0,0,0
OYO Grantly Hotel,0,0,1,1,1,1,0,0,1,0,1,1,0,0,0
Balmoral House Hotel,0,0,0,0,1,1,0,0,1,0,1,0,0,0,1
Mornington Hotel London Victoria,0,0,1,1,1,1,0,0,1,1,1,0,0,0,1
Kingsland Locke,1,0,0,1,0,1,0,0,1,1,1,0,0,1,1
The Royal Foundation of St Katharine,0,0,1,0,1,1,0,0,1,0,1,0,0,0,0
St Anne's Court,0,0,0,0,0,1,0,0,1,0,1,0,0,1,1
New Linden Hotel,0,0,1,1,1,1,0,0,1,0,1,1,0,0,1
Hyde Park Radnor Hotel B&B,1,0,0,0,0,1,0,0,1,0,1,1,0,0,1
The Beverley Hotel London - Victoria,0,0,1,0,1,1,0,0,1,1,1,1,0,0,1
Cheshire Hotel Central London,1,0,1,1,1,1,0,0,1,0,1,0,0,0,1
Angel Townhouse,1,0,0,0,0,1,0,0,1,0,1,0,0,0,0
Hilton London Kensington Hotel,0,0,1,1,0,1,1,1,1,1,1,1,0,0,0
OYO Townhouse Apollo,0,0,1,1,0,1,0,0,1,0,1,0,0,0,0
Newham Hotel,0,0,0,1,1,1,0,0,1,0,1,1,0,0,0
easyHotel South Kensington,0,0,1,0,0,1,0,0,1,1,1,0,0,0,0
Innkeeper's Lodge London Dulwich,1,0,0,0,0,1,0,0,1,1,1,0,0,0,1
Innkeeper's Lodge London Greenwich,0,0,0,0,0,1,0,0,1,0,1,0,0,0,1
Holiday Inn Express London Stratford an IHG Hotel,0,0,1,1,0,1,0,0,1,0,1,0,0,0,1
NOX HOTELS - Hyde Park,0,0,1,1,1,1,0,0,1,1,1,0,1,0,0
Paul's Place near Heathrow,0,0,0,0,0,1,0,0,1,1,1,0,0,1,0
Novotel London Excel,0,0,1,1,0,1,1,1,1,1,1,0,0,0,0
OYO London 24 Sussex,0,0,1,0,1,1,0,0,1,0,1,0,0,0,0
OYO Boston Court Hotel,0,0,0,0,0,1,0,0,1,0,1,0,0,0,0
OYO TamTam Acton Hotel,0,0,0,0,0,1,0,0,1,1,1,0,0,0,1
NOX HOTELS - West Hampstead,0,0,1,0,1,1,0,0,1,1,1,0,0,1,1
NOX HOTELS - Belsize Park,0,0,1,0,1,1,0,0,1,1,1,0,0,0,1
easyHotel Victoria,0,0,0,1,0,1,0,0,1,1,1,0,1,0,0
Sonder l Kensington Gardens,1,0,0,0,0,1,0,0,1,0,1,0,0,0,0
Ascot Hyde Park Hotel,1,0,1,1,1,1,0,1,1,0,1,1,0,0,0
Golders Park Hotel,0,0,1,1,1,1,0,0,1,0,1,1,0,0,1
City View Hotel - Roman Road Market,1,0,1,1,1,1,0,0,1,1,1,1,1,1,0
The Alma Hotel,0,0,0,1,0,1,0,1,1,1,1,0,0,0,1
Dawson House Hotel - Guest House,0,0,1,0,1,1,0,0,1,0,1,0,0,0,1
easyHotel Paddington,0,0,1,1,1,1,0,0,1,1,1,1,1,0,0
London Chigwell Prince Regent Hotel BW Signature Collection,0,0,1,1,1,1,1,1,1,0,1,1,0,0,0
Dodi Apartment,1,0,0,0,0,1,0,0,1,0,1,1,0,1,1
ibis London Greenwich,0,0,1,1,1,1,1,0,1,0,1,0,0,0,1
Comfort Inn London - Westminster,0,0,1,0,0,1,0,0,1,0,1,1,0,0,1
Britannia International Hotel Canary Wharf,0,0,1,1,1,1,0,1,1,0,1,1,1,0,1
YHA London St Pancras,0,0,0,1,1,1,0,0,1,0,1,0,0,0,0
Normandie Hotel,0,0,1,1,0,1,0,0,1,0,1,0,0,0,0
ibis London Stratford,0,0,1,1,1,1,0,0,1,0,1,0,0,0,1
ibis London Canning Town,0,0,1,1,0,1,0,0,1,1,1,0,1,0,1
ibis London Excel-Docklands,0,0,1,1,1,1,1,0,1,0,1,1,1,0,1
HSA - Shoreditch,0,0,0,0,0,1,0,0,1,0,1,1,0,1,1
Sheriff Hotel,1,0,1,0,1,1,0,0,1,0,1,1,0,0,0
Lords Hotel,0,0,1,1,0,1,0,0,1,0,1,1,0,0,0
St Simeon,0,0,0,0,0,1,0,0,1,0,1,0,0,0,0
Copthorne Tara Hotel London Kensington,0,0,1,1,1,1,1,1,1,1,1,1,1,1,1
NOX HOTELS - Kensington,0,0,1,0,1,1,0,0,1,1,1,0,0,1,1
Rushmore Hotel,0,0,1,0,1,1,0,0,1,0,1,0,0,0,1
ibis London Blackfriars,0,0,0,1,1,1,0,0,1,1,1,0,1,0,1
Vancouver Studios,0,0,1,0,0,1,0,0,1,0,1,1,0,1,1
The Lion & Key Hotel,0,0,1,1,1,1,0,0,1,1,1,0,0,0,1
Coach & Horses Hotel,0,0,1,1,1,1,0,1,1,1,1,0,0,1,1
Cromwell International Hotel,0,0,1,1,0,1,0,0,1,0,1,0,0,0,1
The King William Hotel,0,0,1,0,1,1,0,1,1,0,1,0,0,1,1
Comfotel GRN,0,0,1,1,0,1,0,0,1,0,1,0,0,0,1
The Commongate Hotels,1,0,0,1,1,1,0,1,1,1,1,1,1,1,1
Central Stratford Cozy Double Room,1,0,1,0,0,1,0,0,1,0,1,0,0,1,1
Central Station,0,0,1,0,1,1,0,0,1,0,1,0,0,0,1
The Grapevine Hotel,1,0,0,0,0,1,0,0,1,0,1,0,0,0,1
Colliers Hotel,0,0,1,1,1,1,0,0,1,0,1,0,0,0,1
Olympic House Hotel,1,0,1,1,0,1,0,0,1,0,1,0,0,0,0
City View Hotel,0,0,1,1,0,1,0,0,1,1,1,0,0,1,1
Hotel Citystay,1,0,1,1,1,1,0,0,1,0,1,0,0,0,0
HENX Inn Hostel,0,0,1,1,1,1,0,0,1,0,1,1,0,0,0
Four Stars Hotel,0,0,1,1,1,1,0,0,1,0,1,1,0,0,0
Good Hotel London,0,0,1,1,1,1,0,0,1,1,1,0,0,0,1
New Market Ale House,0,0,1,0,1,1,0,0,1,0,1,0,0,0,1
F5- Mezzanine Studio fits 3 Near Paddington,1,0,0,0,0,1,0,0,1,0,1,0,0,0,0
The Dirty Liquor Hotel at The Cherry,0,0,0,0,0,1,0,0,1,1,1,0,0,0,0
Chester Hotel,1,0,1,1,1,1,0,0,1,0,1,1,0,0,1
Soul Vibes Bed n Break,0,0,0,0,0,1,0,0,1,0,1,0,0,0,1
Leman House,1,0,0,0,1,1,0,0,1,0,1,0,0,1,1
Baytree Hotel,0,0,1,0,1,1,0,0,1,0,1,0,0,0,0
King Solomon Hotel- Golders Green,0,0,1,1,0,1,0,0,1,0,1,0,1,0,1
Hotel Lily,1,0,1,0,1,1,0,0,1,0,1,1,0,0,1
Brandenburgh House,1,0,0,0,0,1,0,0,1,0,1,0,0,1,1
Roomzzz London Stratford,0,0,0,1,1,1,0,0,1,1,1,0,0,1,1
Sapphire Hotel London,0,0,1,1,1,1,0,0,1,0,1,0,0,1,1
Abbey Lodge Hotel - B&B,0,0,1,0,0,1,0,0,1,0,1,0,0,0,0
Eastgate Chalet,0,0,0,0,0,1,0,0,1,0,1,0,0,1,1
Citystay Guest House,0,0,1,1,1,1,0,0,1,0,1,0,0,0,0
Stylotel,0,0,1,1,1,1,0,0,1,1,1,1,0,0,1
Peckham Rooms Hotel,0,0,0,1,1,1,0,1,1,1,1,0,0,0,0
Metro Star,0,0,0,0,0,1,0,1,1,0,1,0,0,0,1
Mountview Guesthouse Crouch End,0,0,0,0,1,1,0,0,1,0,1,0,0,0,1
Caspian Hotel,0,0,1,0,1,1,0,0,1,0,1,0,0,0,0
Star Hotel,0,0,1,0,1,1,0,0,1,0,1,0,0,0,1
Enrico Hotel,0,0,0,0,0,1,0,0,1,0,1,0,0,0,1
Carlton Hotel B&B,0,0,1,1,1,1,0,1,1,0,1,1,0,0,1
Burren London Hotel,0,0,0,0,0,1,0,0,1,0,1,0,0,0,1
Boka Hotel,0,0,1,1,1,1,0,0,1,0,1,1,0,1,1
Chelsea Guest House,1,0,1,0,1,1,0,0,1,0,1,1,0,0,0
Holland Inn Hotel,0,0,1,1,1,1,0,0,1,0,1,1,0,1,1
New Kent Apartments,1,0,0,0,0,1,0,0,1,0,1,0,0,1,1
Garden View Hotel,0,0,1,1,0,1,0,0,1,0,1,0,0,0,1
The Wimbledon Hotel,1,0,0,0,1,1,0,0,1,0,1,0,0,0,1
Burnley Road,0,0,1,0,0,1,0,0,1,0,1,0,0,1,0
GuestReady - Superb Studio in Shoreditch Excellent Location,0,0,0,0,0,1,0,0,1,0,1,0,0,0,0
The Luxury Inn,0,0,1,0,1,1,0,0,1,0,1,1,0,1,0
Simple Stay,1,0,1,1,1,1,0,0,1,0,1,1,1,1,1
Prince Regent Hotel Excel London,0,0,1,1,1,1,0,0,1,0,1,1,0,0,1
Church Street Hotel,0,0,1,1,1,1,0,0,1,1,1,0,0,0,1
Wedgewood Hotel,1,0,1,1,1,1,0,0,1,0,1,1,0,0,1
Earls Court Garden Hotel,0,0,0,0,1,1,0,0,1,0,1,0,0,0,1
Prince Arthur,1,0,1,0,0,1,0,0,1,0,1,0,0,1,1
Eurostar Rooms,1,0,0,0,0,1,0,0,1,0,1,0,0,0,0
Guilford House Hotel,0,0,1,1,1,1,0,0,1,0,1,1,0,0,1
Cosy room in London Wembley,1,0,0,0,0,1,0,0,1,0,1,0,0,0,0
Howard Winchester Hotel,1,0,1,1,0,1,0,0,1,0,1,0,0,0,0
City Inn Russell Square,0,0,1,0,1,1,0,0,1,0,1,0,0,0,1
Hotel Olympia,0,0,0,0,0,1,0,0,1,0,1,1,0,0,1
Wanstead Hotel,0,0,1,0,0,1,0,0,1,1,1,0,0,0,1
Kennington Apartment D/Apartment,0,0,0,0,0,1,0,0,1,0,1,0,0,1,0
Hotel 65,1,0,1,0,1,1,0,0,1,0,1,0,0,1,1
Flexistay Tooting Studios,0,0,0,0,0,1,0,0,1,0,1,0,0,1,1
City View House,0,0,0,0,1,1,0,0,1,0,1,1,0,1,1
The Captain Cook,0,0,1,0,1,1,0,0,1,0,1,0,0,0,0
Bright Room,0,0,0,0,0,1,0,0,1,0,1,0,0,1,1
TLK Apartments & Hotel - Beckenham Junction,1,0,0,0,0,1,0,0,1,0,1,0,0,1,1
Astoria Hotel,0,0,1,0,0,1,0,0,1,0,1,0,0,0,1
Belmont Hotel,0,0,1,0,1,1,0,0,1,0,1,1,0,0,1
Bower House,0,0,1,1,0,1,0,0,1,0,1,0,0,0,1
Gorgeous Apartments PIMLICO - SK,0,0,0,0,0,1,0,0,1,0,1,0,0,1,1
PubLove @ The Crown Battersea,0,0,1,1,1,1,0,0,1,0,1,1,0,0,0
London Budget Guesthouse,1,0,0,0,0,1,0,0,1,0,1,0,0,0,0
The Tudor Inn Hotel,0,0,1,1,0,1,0,1,1,1,1,0,0,0,1
Islington Inn,0,0,0,1,1,1,0,0,1,0,1,0,0,0,1
Eldon Chambers Pod 7,0,0,0,0,0,1,0,0,1,1,1,0,0,1,0
FB1-Spacious Basement Studio Flat fits 2- Near Hyde Park,1,0,0,0,0,1,0,0,1,0,1,0,0,0,0
Swinton Hotel,0,0,1,1,1,1,0,0,1,0,1,0,0,0,0
F406- Great Studio for 2 Near Hyde Park,1,0,0,0,0,1,0,0,1,0,1,0,0,0,0
Marble Apartments Balham House,0,0,0,0,0,1,0,0,1,0,1,0,0,0,0
Hyde Park Apartments,0,0,0,0,0,1,0,0,1,0,1,0,0,1,1
Notting Hill Gate Hotel,0,0,1,1,1,1,0,0,1,0,1,1,0,0,1
Regency Hotel Westend,0,0,1,1,1,1,0,0,1,0,1,1,0,0,0
Modern & Fresh 2 Bedroom Flat in Homerton,0,0,0,0,0,1,0,0,1,0,1,0,0,1,0
Hotel Unique,0,0,1,0,1,1,0,1,1,1,1,0,0,1,1
Hooke House,0,0,0,0,0,1,0,0,1,0,1,0,0,1,1
Beautifully Styled Modern Apartment With Garden,0,0,0,0,0,1,0,0,1,0,1,0,0,1,1
Imperial Court Studios,0,0,0,0,0,1,0,0,1,0,1,0,0,0,0
CitySpace Bermondsey,0,0,0,0,0,1,1,0,1,0,1,0,0,0,1
Greenwich House,1,0,0,0,1,1,0,0,1,0,1,1,1,0,1
The Belgrove Hotel,0,0,1,1,0,1,0,0,1,0,1,0,0,0,0
The Bridge Hotel,1,0,1,1,0,1,0,0,1,0,1,0,0,1,1
Guest House Ellipse,0,0,1,0,1,1,0,1,1,0,1,1,0,1,1
The Ship Rooms,1,0,1,0,0,1,0,0,1,0,1,0,0,0,1
London budget Maisonette,0,0,0,0,0,1,0,0,1,0,1,0,0,0,0
White's Row Resident,0,0,0,0,0,1,0,0,1,0,1,0,0,0,0
Pass the Keys Cosy 1 Bedroom Studio Apartment in Belsize Park,0,0,0,0,0,1,0,0,1,0,1,0,0,1,1
Stunning 2 Bed Apartment HOMERTON ROAD - SK,0,0,0,0,0,1,0,0,1,0,1,0,0,1,1
Canada Gardens,1,0,0,0,0,1,0,0,1,0,1,0,0,1,1
The Heart Of Stratford..!,0,0,1,0,0,1,0,0,1,0,1,0,0,0,0
Luxury Suites near Wembley Stadium,0,0,0,1,0,1,0,0,1,1,1,0,0,1,1
Beautiful comfy Apartment in London,0,0,0,0,0,1,0,0,1,0,1,0,0,1,1
Westbourne gardens Unique Central Studio near Hyde Park,0,0,0,0,0,1,0,0,1,0,1,0,0,1,0
Havelock Close,0,0,0,0,0,1,0,0,1,0,1,0,0,1,1
Stunning 1-Bedroom flat in London!,1,0,0,0,0,1,0,0,1,1,1,0,0,0,0
Kensington Apartments,1,0,0,0,0,1,0,0,1,0,1,0,0,0,0
The Jade,0,0,1,1,0,1,0,0,1,1,1,0,0,0,1
1 Bed Apt near Canary Wharf London city centre,0,0,0,0,0,1,0,0,1,0,1,0,0,1,1
Modern 1 Bedroom Flat in Surrey Quays with Balcony,0,0,0,0,0,1,0,0,1,0,1,0,0,1,1
Alhambra Hotel,0,0,1,1,1,1,0,0,1,0,1,1,0,0,1
Cozy Studio minutes away from Bethnal Green,0,0,0,0,0,1,0,0,1,0,1,0,0,1,0
The Princess Victoria,0,0,1,0,0,1,0,0,1,1,1,0,0,0,0
City Aldgate Apartments,1,0,0,0,0,1,0,0,1,0,1,0,0,1,1
Home2Home-Rooms,1,0,1,0,0,1,0,0,1,0,1,0,0,0,0
Gorgeous Studio in Trendy London Location (DH7),0,0,0,0,0,1,0,0,1,0,1,0,0,0,0
Sunny Double Room near Westfields Shopping Mall,1,0,0,0,0,1,0,0,1,0,1,0,0,1,1
Chiswick Lodge Hotel,0,0,1,0,1,1,0,0,1,0,1,0,0,0,1
Spacious rooms in Lovely Maisonette,0,0,0,0,0,1,0,0,1,0,1,0,0,1,1
Studio Apartment London Fields,0,0,0,1,0,1,0,0,1,0,1,0,0,1,1
Cosy Victorian house in Crouch End,0,0,0,0,0,1,0,0,1,0,1,0,0,1,0
A A GUEST ROOMS Stunning Studio Room THAMESMEAD,0,0,0,0,0,1,0,0,1,0,1,0,0,1,1
The Columbia,0,0,1,1,1,1,0,0,1,0,1,0,0,0,1
Stunning Double Room in Harrow,0,0,0,0,0,1,0,0,1,0,1,0,0,1,1
Wombat's The City Hostel London,0,0,1,1,1,1,0,0,1,0,1,0,0,0,0
Studio Size Room with Garden (Haggerston/London Fields),0,0,0,0,0,1,0,0,1,0,1,0,0,0,0
European Hotel,1,0,1,1,0,1,0,0,1,0,1,0,0,0,0
Central Hotel,0,0,1,1,1,1,0,0,1,0,1,1,0,0,0
Henley House Hotel,0,0,1,0,1,1,0,0,1,1,1,1,0,1,1
Hotel Oliver,1,0,1,1,0,1,0,0,1,0,1,0,0,0,0
Stay Inn Apartments Canary Wharf,0,0,1,0,0,1,0,1,1,0,1,0,0,0,0
The Susanna Suite South Norwood,0,0,0,0,0,1,1,0,1,0,1,0,0,1,1
Stylish 2 Bed Flat in West Hampstead,0,0,0,0,0,1,0,0,1,0,1,0,0,1,0
Orchard Hotel,0,0,0,1,0,1,0,0,1,0,1,0,0,0,0
Energised Studio with Gym in Brent Park,0,0,0,0,0,1,0,0,1,0,1,0,0,1,1
Lovely Top Floor Flat in Leafy Fulham,0,0,0,0,0,1,0,0,1,0,1,0,0,0,1
Apartments At Marylebone,0,0,1,0,1,1,0,0,1,0,1,0,0,0,1
Pass the Keys Recently renovated 1BR flat with private garden in South London,0,0,0,0,0,1,0,0,1,0,1,0,0,1,0
Goodwood Hotel,0,0,1,0,0,1,0,0,1,0,1,0,0,0,1
Cosy One Bedroom in the Heart of Cromwell Road,1,0,0,1,0,1,0,0,1,1,1,1,1,1,0
Linden House Hotel,1,0,0,1,1,1,0,0,1,0,1,1,0,0,0
Pass the Keys Home to Home Ealing 1Bed Apartment sleeps 3 in W5,0,0,0,0,0,1,0,0,1,0,1,0,0,1,1
Liverpool street apartment by Flexy,0,0,0,0,0,1,0,0,1,0,1,0,0,0,0
Europa House Hotel,0,0,1,1,0,1,0,0,1,0,1,1,0,0,0
Royal Park Hotel,0,0,1,1,0,1,0,0,1,0,1,0,0,0,1
Shoreditch Studio - Sleeps 2,1,0,0,0,0,1,0,0,1,0,1,0,0,0,0
City Apartments by Flexystays,1,0,0,0,0,1,0,0,1,0,1,0,0,0,0
St Giles London – A St Giles Hotel,0,0,1,1,1,1,0,0,1,1,1,1,1,0,0
The Courtfield Plaza,0,0,0,0,0,1,0,0,1,0,1,0,0,1,1
SW16 Norbury GuestHouse,0,0,0,0,1,1,0,0,1,0,1,1,0,1,1
The Studio,1,0,0,0,0,1,0,0,1,1,1,0,0,1,1
Entire flat Very comfortable 1 bedroom London,0,0,0,0,0,1,0,0,1,0,1,0,0,1,1
Lovet Homestay,0,0,1,0,1,1,0,1,1,1,1,0,0,0,1
The Nayland Hotel,0,0,1,1,0,1,0,1,1,0,1,0,0,0,0
Duncombe Hill House,0,0,0,0,0,1,0,0,1,0,1,0,0,0,0
Private en-suite Room @ Liverpool street Brick Ln,0,0,0,0,0,1,0,0,1,0,1,0,0,1,1
Queens Hotel,0,0,0,1,1,1,0,0,1,0,1,1,0,0,1
Brook Hotel,0,0,0,0,0,1,0,0,1,0,1,0,0,0,1
Boutique bijoux garden flat in vibrant Oval,0,0,0,0,0,1,1,0,1,0,1,0,0,1,1
Aptel East,1,0,1,1,0,1,1,0,1,1,1,1,1,1,1
Mildmay Road Apartments,0,0,0,0,0,1,0,0,1,0,1,0,0,1,1
Luxury London Living B4,1,0,0,0,0,1,0,0,1,0,1,0,0,0,0
St Andrews,0,0,1,0,0,1,0,0,1,0,1,0,0,1,0
Garth Hotel,0,0,1,0,0,1,0,0,1,0,1,0,0,1,1
King's Cross Quiet Apartment,0,0,1,0,0,1,0,0,1,0,1,0,0,1,1
London Westfield,0,0,0,0,0,1,0,0,1,0,1,0,0,0,0
Self contained ensuite double bedroom with own entrance,1,0,0,0,0,1,0,0,1,0,1,0,0,1,1
Wisteria Studio,1,0,1,0,0,1,0,0,1,0,1,0,0,1,1
City Chic - King's Cross Apartments,0,0,0,0,0,1,0,0,1,0,1,0,0,0,0
Cozy 1-Bed Apartment in heart of London,0,0,0,0,0,1,0,0,1,0,1,0,0,1,1
Pavilion Hotel,1,0,1,1,1,1,0,0,1,0,1,1,0,0,1
Frances St Guest House,1,0,0,0,0,1,0,0,1,0,1,0,0,0,1
Hyde Park Serviced Rooms,1,0,0,0,1,1,0,0,1,0,1,1,0,0,0
Charming 2 bedrooms Flat in Plumstead,0,0,0,0,0,1,0,0,1,0,1,0,0,1,1
Chiswick Riviera,0,0,0,0,0,1,0,0,1,0,1,0,0,1,1
NEW Sleek & Modern Studio in the Heart of Chelsea,0,0,0,0,0,1,0,0,1,0,1,0,0,1,0
F6-Comfy Ground Flr Studio Fits 4- Near Hyde Park,1,0,0,0,0,1,0,0,1,0,1,0,0,0,0
Compton Guest House,0,0,0,0,0,1,0,0,1,0,1,0,0,0,1
London Riverside Apartment,0,0,0,0,0,1,0,0,1,0,1,0,0,0,0
Cosy 1 Bed Flat near Tooting Broadway,0,0,0,0,0,1,0,0,1,0,1,0,0,1,0
Central London Rooms,0,0,1,0,0,1,0,0,1,0,1,0,0,0,0
big room nearby st john's wood and Baker Street and Regent's Park,0,0,0,0,0,1,0,0,1,0,1,0,0,1,1
Minimalistic Studio for 2 in the heart of London,0,0,0,0,0,1,0,0,1,0,1,0,0,0,0
PubLove @ The Exmouth Arms Euston,0,0,1,1,1,1,0,0,1,0,1,1,0,0,0
Daisy Hotel,0,0,0,0,0,1,0,0,1,0,1,0,0,0,1
Forest House,0,0,1,1,0,1,0,1,1,0,1,0,0,0,0
F5 Private Double Room (Sandycroft Guest House),0,0,0,0,0,1,0,0,1,0,1,0,0,0,0
Mile End Apartment,0,0,0,0,0,1,0,0,1,0,1,0,0,1,1
Studio Apartment close to Gloucester Road Station,0,0,0,0,0,1,0,0,1,0,1,0,0,0,0
Double Room with Private Balcony,0,0,0,0,0,1,0,0,1,0,1,0,0,1,1
simply guesthouse,0,0,1,1,0,1,0,0,1,0,1,0,0,1,1
London City Gate,1,0,0,0,0,1,0,0,1,0,1,0,0,0,1
Luxury Studio Apartment,0,0,0,0,0,1,0,0,1,0,1,0,0,1,1
Trinity House Hotel,1,0,0,0,0,1,0,0,1,0,1,0,0,1,1
Luxury Bed just off the Canal,0,0,0,0,0,1,0,0,1,0,1,0,0,1,1
1 bedroom flat in west London - Shepherds Bush,0,0,0,0,0,1,0,0,1,0,1,0,0,0,1
Devonshire B2 Brand New Central Studio in Prestigious Paddington,0,0,0,0,0,1,0,0,1,0,1,0,0,1,1
F202-Cosy 2nd Flr Flat Fits 3 Near Hyde Park,0,0,0,0,0,1,0,0,1,0,1,0,0,0,0
Bob Marley Studio - Shoreditch Near Liverpool Street,0,0,0,0,0,1,0,0,1,0,1,0,0,0,0
Urbany Hostel London,0,0,1,0,1,1,0,0,1,0,1,0,0,0,0
Modern split level flat in Croydon (south) London,0,0,0,0,0,1,0,0,1,0,1,0,0,1,1
London City Centre - Modern Apartment,0,0,0,0,1,1,0,0,1,0,1,0,0,1,1
Modern aparment by Brick Lane London,0,0,0,0,0,1,0,0,1,0,1,0,0,1,1
Streatham Common Bed & Breakfast,0,0,0,0,0,1,0,0,1,0,1,0,0,0,1
London Deluxe Loft Apartment with Shower,1,0,0,0,0,1,0,0,1,0,1,0,0,1,1
Amazing Room,1,0,0,0,0,1,0,0,1,0,1,0,0,1,1
Ensuite Double Room in a Lovely Flat Condo,0,0,0,0,0,1,0,0,1,0,1,0,0,1,1
LA Vista Hotel,0,0,0,0,0,1,0,0,1,0,1,0,0,0,0
Hill Street Mayfair,0,0,0,0,0,1,0,0,1,0,1,0,0,1,1
Modern Studio Flat by Ealing Common Station,0,0,0,0,0,1,0,0,1,0,1,0,0,0,0
Studio Private independant Entrance Central Battersea Park,0,0,0,0,1,1,0,0,1,0,1,0,0,1,1
Kew Gardens National Archives,0,0,0,0,0,1,0,0,1,0,1,0,0,0,1
Cosy London holiday Home (Near O2 arena),1,0,0,0,0,1,0,0,1,0,1,0,0,1,1
NOX HOTELS - Golders Green,0,0,1,0,0,1,0,0,1,1,1,0,0,1,1
Spacious lovely one bed flat with great view,0,0,0,0,0,1,0,0,1,0,1,1,0,1,1
Stunning one-bed Duplex available for short let,0,0,0,0,0,1,0,0,1,0,1,0,0,0,0
Contemporary 1Bedroom Flat in Camberwell Oval,0,0,0,0,0,1,0,0,1,0,1,0,0,1,1
Casa De Queens,0,0,0,0,0,1,0,0,1,1,1,0,0,0,0
Cromwell Serviced Apartments,0,0,0,0,0,1,0,0,1,1,1,0,0,1,1
London City Stay,0,0,0,0,0,1,0,0,1,0,1,1,0,1,1
Lovely budget double ensuite in Bricklane,0,0,0,0,0,1,0,0,1,0,1,0,0,1,1
Wimbledon Room in Luxury Apartment on Top Floor,0,0,0,0,0,1,0,0,1,0,1,0,0,1,1
Beautiful 3 Bed house with free parking and Wifi,1,0,0,0,0,1,0,0,1,0,1,0,0,1,0
Wonderful ISLINGTON Flat - Top Location !!!,0,0,0,0,0,1,0,0,1,0,1,0,0,1,0
Harlinger Lodge,1,0,0,0,0,1,0,0,1,0,1,0,0,1,1
Flat 1 at 6 Taunton Mews,0,0,0,0,0,1,0,0,1,0,1,0,0,1,1
Cosy 1 Bed Flat In Homerton By Victoria Park,0,0,0,0,0,1,0,0,1,0,1,0,0,1,0
Marble Apartments Tooting House,0,0,0,0,0,1,0,0,1,0,1,0,0,1,1
80s RETRO 1 Bedroom Serviced Apartment Canary Wharf Perfect for Corporate Business Families & Leisure Guests,0,0,0,0,0,1,0,0,1,0,1,1,0,1,1
Casa Mirian London - Lytham St.,0,0,0,0,0,1,0,0,1,0,1,0,0,1,0
Deluxe StudioPrime Central LondonNEWLY FURNISHED,0,0,0,0,0,1,0,0,1,0,1,0,0,0,0
Trendy Studio MAIDA HILL - SK,0,0,0,0,0,1,0,0,1,0,1,0,0,1,1
Studio Flat without kitchen at Kentish Town,0,0,0,0,0,1,0,0,1,0,1,0,0,1,1
Inverness Terrace Serviced Apartments,1,0,0,0,0,1,0,0,1,0,1,0,0,1,1
Bournebrook Eltham,0,0,1,0,0,1,0,0,1,0,1,0,0,0,0
Harlinger Lodge Annexe,0,0,0,0,0,1,0,0,1,0,1,0,0,1,1
Shoreditch High St,1,0,0,0,0,1,0,0,1,0,1,0,0,1,1
Astor Kensington Hostel,0,0,1,1,0,1,0,0,1,0,1,0,0,0,1
Sterling Apartment Bexley with Netflix & Amazon Music,0,0,0,0,0,1,0,0,1,0,1,0,0,1,1
Brand new one bedroom flat in Central London,1,0,0,0,0,1,0,0,1,0,1,0,0,0,0
Spacious 2BR Apartment in Peckham with Balcony,0,0,0,0,0,1,0,0,1,0,1,0,0,1,0
Lovely 1 Bedroom Studio Flat,0,0,1,0,0,1,0,0,1,0,1,0,0,1,1
Spacious 1 Bed in West Kensington or Hammersmith,1,0,0,0,0,1,0,0,1,0,1,0,0,1,0
Euston Studio Apartments,0,0,0,0,0,1,0,0,1,0,1,0,0,0,0
Canary Wharf Apartment,0,0,0,0,0,1,1,0,1,0,1,0,0,1,1
St Christopher's Greenwich,0,0,1,0,0,1,0,0,1,0,1,0,0,0,0
Lovely 1 bed in Earls Court,0,0,0,0,0,1,0,0,1,0,1,0,0,1,1
Apartment in London West Kensington,0,0,0,0,0,1,0,0,1,0,1,0,0,1,1
Luxury In2 London Apartment,0,0,0,0,0,1,0,0,1,0,1,0,0,1,1
Stylish Modern Studio Mock Gorgian House Heart of Trendy Hackney & London,0,0,0,0,0,1,0,0,1,0,1,0,0,1,1
Beautiful pied-a-terre to explore London,0,0,0,0,0,1,0,0,1,0,1,0,0,0,0
Keys2door,0,0,0,0,0,1,0,0,1,0,1,0,0,1,1
Kings Cross Serviced Apartments,1,0,0,0,0,1,0,0,1,0,1,0,0,1,1
Metro Residence Victoria,0,0,0,0,0,1,0,0,1,0,1,0,0,1,1
Pass the Keys Cosy 1BED Apartment nearby Canary Wharf,0,0,0,0,0,1,0,0,1,0,1,0,0,1,0
Exclusive Private One Bedroom Suite,0,0,0,0,0,1,0,0,1,0,1,0,0,1,1
East London Bethnal Green,0,0,0,0,0,1,0,0,1,0,1,0,0,0,0
Victoria Villas,0,0,0,0,0,1,0,0,1,0,1,0,0,0,0
Brick Lane Spitalfields Apartment,0,0,0,0,0,1,0,0,1,1,1,0,0,1,1
Tooting Bec Rooms at Lingwell by EveryWhere to Sleep London,0,0,0,0,0,1,0,0,1,0,1,0,0,0,0
Characterful 1 Bedroom Flat Close to DLR,0,0,0,0,0,1,0,0,1,0,1,0,0,1,1
Pass the Keys Pimlico Apartment minutes from Big Ben and London Eye,0,0,0,0,0,1,0,0,1,0,1,0,0,1,1
The Dictionary Hostel Shoreditch London,0,0,1,0,1,1,0,0,1,0,1,1,0,0,0
1 bedroom flat in Russell Square,0,0,0,0,0,1,0,0,1,0,1,0,0,0,0
Albany Hotel,0,0,1,0,1,1,0,0,1,0,1,1,0,0,1
Central 1 BR Apartment *Zone 1* Elephant and Castle,0,0,1,0,0,1,0,0,1,1,1,0,0,1,0
The Walrus Bar and Hostel,0,0,1,0,0,1,0,0,1,0,1,1,0,0,0
Stunning One-Bed Apartment to rent in London,0,0,0,0,0,1,0,0,1,0,1,0,0,1,1
Regents Casa,0,0,0,1,0,1,0,0,1,0,1,0,0,1,1
Splendid 1 Bedroom Flat + Terrace (Kentish Town),0,0,0,0,0,1,0,0,1,0,1,0,0,1,1
Shoreditch Sanctuary,0,0,0,0,0,1,0,0,1,0,1,0,1,1,1
Crystal Palace - Artistic 2BR flat with terrace - Pass the Keys,0,0,0,0,0,1,0,0,1,0,1,0,0,1,1
St Christopher's Hammersmith,0,0,0,1,0,1,0,0,1,1,1,0,0,0,0
Modern house in London/Wimbledon,0,0,0,0,0,1,0,0,1,0,1,0,0,1,1
Amazing Studio Flat in Central London. Stylish & Cosy,0,0,0,0,0,1,0,0,1,0,1,0,0,1,1
Chic Apt in Trendy Islington with Cafes Restaurants & Angel Tube Station,0,0,0,0,0,1,0,0,1,0,1,0,0,1,1
Putney flat,0,0,0,0,0,1,0,0,1,0,1,0,0,0,0
Harrow Rd Studios by Everywhere to Sleep London,1,0,0,0,0,1,0,0,1,0,1,1,0,1,0
PubLove @ The Green man Paddington,0,0,1,1,1,1,0,0,1,0,1,1,0,0,0
St Christopher's Inn Shepherd's Bush,0,0,1,1,1,1,0,0,1,0,1,1,0,0,0
St Christopher's Inn Village - London Bridge,0,0,1,1,0,1,0,0,1,1,1,1,1,0,0
Prime Backpackers Angel,0,0,1,0,1,1,0,0,1,0,1,1,0,0,0
Apple Garden A-2,0,0,0,0,0,1,0,0,1,0,1,0,0,1,1
Studio 18,0,0,0,0,0,1,0,0,1,0,1,0,0,0,0
St Christopher's The Inn - London Bridge,0,0,0,0,0,1,0,0,1,0,1,0,0,0,0
PubLove @ The Rose & Crown,0,0,1,1,1,1,0,0,1,0,1,1,0,0,0
St Christopher's Inn Oasis - London Bridge - Female Only,0,0,1,1,0,1,0,0,1,1,1,1,1,0,0
80s RETRO 1 Bed Studio Serviced Apartment Whitechapel Perfect for Coupled & Solo Guests,0,0,1,0,0,1,0,0,1,1,1,0,0,1,0
Kentish A Bright Newly Refurbished One Bedroom Apartment in Kentish Town,0,0,0,0,0,1,0,0,1,0,1,0,0,1,1
Cozy apartment in Stratford from 18 minutes to Central London,0,0,0,0,0,1,0,0,1,0,1,0,0,1,1
Pass the Keys Stylish 1-bedroom flat in trendy West Kensington,0,0,0,0,0,1,0,0,1,0,1,0,0,1,0
St Christopher's Inn Camden,0,0,1,1,1,1,0,0,1,0,1,0,0,0,0
The Gloucester Road Escape - Bright & Central 1BDR Apartment,0,0,0,0,0,1,1,0,1,0,1,0,0,0,0
Harrow Rd Rooms by Everywhere to Sleep London,1,0,0,0,0,1,0,0,1,0,1,1,0,1,0
Luna 218 flat 3,0,0,0,0,0,1,0,0,1,0,1,1,0,1,1
25 Idmiston Road,1,0,0,0,0,1,0,0,1,0,1,0,0,1,1
NOX HOTELS - Paddington,1,0,1,0,1,1,0,0,1,1,1,1,0,0,0
NOX HOTELS - Lancaster Gate,0,0,1,0,1,1,0,0,1,1,1,1,0,0,0
146 Studios,0,0,0,0,1,1,0,0,1,1,1,0,0,1,1
CG Kensington,0,0,1,0,1,1,0,0,1,1,1,1,0,0,0
Victoria Inn,0,0,0,0,1,1,0,0,1,0,1,0,0,0,1
Abercorn House,0,0,1,1,0,1,0,0,1,0,1,1,0,1,0
Acton Town Hotel,0,0,1,0,1,1,0,0,1,0,1,1,0,1,1
Manor House London,0,0,1,1,1,1,0,0,1,0,1,1,0,0,0
Melbourne House Hotel,0,0,1,0,1,1,0,0,1,0,1,1,0,0,1
The Sumner Hotel,0,0,1,1,1,1,0,0,1,1,1,0,0,1,0
Bright 1 Bedroom Flat in North London With Balcony,0,0,0,0,0,1,0,0,1,0,1,0,0,1,1
Leigham Court Hotel,1,0,1,0,1,1,0,0,1,0,1,0,0,0,1
TravelStop #Ealing,0,0,0,0,0,1,0,0,1,0,1,0,0,1,1
Beresford Road London Rooms,0,0,0,0,0,1,0,0,1,0,1,0,0,0,1
Regency House Hotel,0,0,1,1,1,1,0,0,1,1,1,0,0,1,1
The Belgrave Hotel,0,0,1,1,1,1,0,0,1,1,1,0,0,0,1
Oasis 77,0,0,0,0,0,1,0,0,1,0,1,0,0,0,0
Comfortable Host in zone 2-3,0,0,0,0,0,1,0,0,1,0,1,0,0,0,0
Camden Large 2 Bedroom Flat Guest House,1,0,0,0,0,1,0,0,1,0,1,0,0,0,0
Knaresborough Boutique Apartments,1,0,0,0,1,1,0,0,1,1,1,0,0,1,1
New Dawn Hotel,0,0,0,0,0,1,0,0,1,0,1,0,0,0,0
So Paddington Hotel,0,0,1,1,1,1,0,0,1,0,1,0,0,0,0
Pretty Studio with a Private Terrace,0,0,0,0,0,1,0,0,1,0,1,0,0,1,1
Garden Studio Cottage,0,0,0,0,0,1,0,0,1,0,1,0,0,1,1
The Lodge Hotel - Putney,0,0,1,1,1,1,1,1,1,1,1,1,0,1,1
The Clarendon Hotel,1,0,1,1,1,1,1,1,1,0,1,1,1,0,1
Shoreditch Private Studio,0,0,0,0,0,1,0,0,1,0,1,0,0,1,1
Somerset Court Kensington Apartments,0,0,0,0,0,1,0,0,1,0,1,0,0,1,1
Cosy 1 Bedrooom in Fabulous Location,0,0,0,0,0,1,0,0,1,0,1,0,0,1,1
The Colonnade,0,0,1,1,1,1,0,1,1,1,1,1,0,0,1
Central Room near London Eye,1,0,1,0,1,1,0,0,1,0,1,0,0,0,0
COGIE HOUSE,0,0,0,0,1,1,0,0,1,0,1,1,0,0,1
The Bermondsey Square Escape - Modern 1BDR with Private Parking,0,0,0,0,0,1,0,0,1,0,1,0,0,0,0
Charming Room In The Heart Of Chiswick,1,0,0,0,0,1,0,0,1,0,1,0,0,1,0
Earls Court East Serviced Apartments,1,0,0,0,0,1,0,0,1,0,1,0,0,1,1
Helena bed and breakfast,0,0,0,0,0,1,0,0,1,0,1,0,0,0,1
"New entire flat Zone2 - 20min to Central",0,0,0,0,0,1,0,0,1,0,1,0,0,1,1
Argyle Apart Hotel,0,0,0,0,0,1,1,0,1,1,1,0,0,1,1
Innerd Court,0,0,0,0,0,1,0,0,1,0,1,0,0,1,0
Earls Court West Serviced Apartments,0,0,0,0,0,1,0,0,1,0,1,0,0,1,1
Wimbledon Studio Flat,0,0,0,0,0,1,0,0,1,0,1,0,0,1,1
Lovely Studio Central London Next To Hyde Park,0,0,0,0,0,1,0,0,1,0,1,0,0,1,1
Hyde Park Court Hotel,0,0,1,1,0,1,0,0,1,0,1,1,0,0,1
NEW 2BD Flat 4mins to Excel Centre Fast City Links,0,0,0,0,0,1,0,0,1,0,1,0,0,1,0
NOX HOTELS - Waterloo,0,0,1,1,1,1,0,0,1,0,1,1,0,1,1
1 bedroom flat with wifi close to Clapham Junction station,0,0,0,0,0,1,0,0,1,0,1,0,0,0,0
London Holiday Flats,1,0,0,0,0,1,0,0,1,0,1,0,0,1,1
Mayfair Flat,0,0,0,0,0,1,0,0,1,0,1,0,0,1,1
The Portobello Serviced Apartments,1,0,0,0,0,1,0,0,1,0,1,0,0,1,1
Central apartment 5 mins Putney tube station,0,0,0,0,1,1,0,0,1,0,1,0,0,1,1
Victoria Belgravia Townhouse,1,0,0,0,0,1,0,0,1,0,1,1,0,1,1
Hoxton Studios by EveryWhere to Sleep London,0,0,0,0,0,1,0,0,1,0,1,0,0,0,0
Entire 2 bedroom ground floor flat with garden,0,0,0,0,0,1,0,0,1,0,1,0,0,0,0
Modern Flats Harrow Road Central London,0,0,0,0,0,1,0,0,1,0,1,0,0,1,0
Central London Old Street Flats by EveryWhere to Sleep London,0,0,0,0,0,1,0,0,1,0,1,1,0,1,1
Charlesmere gardems,0,0,0,0,0,1,0,0,1,0,1,0,0,1,1
Alma's Place in Stratford,0,0,0,0,0,1,0,0,1,0,1,0,0,0,0
St James House Serviced Apartments,0,0,0,0,0,1,0,0,1,0,1,0,0,1,0
The Mornington Camden,0,0,1,0,1,1,0,0,1,0,1,1,0,1,1
Astor Museum Hostel,0,0,1,1,1,1,0,0,1,0,1,0,0,0,0
Kensal Green Backpackers 2,0,0,1,1,1,1,0,0,1,0,1,1,0,0,0
Hootananny Hostel,0,0,1,0,0,1,0,0,1,0,1,0,0,1,1
The Old GunPit,0,0,1,0,0,1,0,0,1,0,1,1,0,0,0
Elite 2 bedroom Flat near portobello road Market,0,0,0,0,0,1,0,0,1,0,1,0,0,0,0
Garden flat close to Blackheath Village,0,0,0,0,0,1,0,0,1,0,1,0,0,0,0
Modern 2 bedroom Flat near portobello road Market,0,0,0,0,0,1,0,0,1,0,1,0,0,0,0
A A GUEST ROOMS Inviting Studio Room WOOLWICH,0,0,0,0,0,1,0,0,1,0,1,0,0,1,1
The Queens Hostel,1,0,1,0,1,1,0,0,1,0,1,0,0,0,0
cozy rooms in central london,1,0,0,0,0,1,0,0,1,0,1,0,0,0,0
The Birds Nest Hostel,0,0,1,0,0,1,0,0,1,0,1,1,0,0,0
Chapter Portobello,1,0,1,0,0,1,0,0,1,0,1,0,0,1,0
