name,review_count,rating,lat,long,price
Best Western Plus - Grim's Dyke Hotel,7,4.5,51.6208938663811,-0.349561596235073,£££
Premier Inn London Harrow,1,4.0,51.582787,-0.317171,None
IBIS London Wembley,11,3.5,51.55525,-0.285123,££
St George's Hotel,1,5.0,51.555409,-0.286578,None
Hilton London Wembley,14,3.0,51.5573196411133,-0.283809006214142,£££
Harrow Hotel Executive Rooms & Suites,1,5.0,51.5813411,-0.3468075,None
Premier Inn,2,4.0,51.6052174,-0.2731272,£££
Novotel - London Wembley,5,3.5,51.5615196228027,-0.279006004333496,££££
Euro Hotel Harrow,2,3.0,51.5848,-0.360146,None
Holiday Inn Express Hotel London-Watford Junction,4,4.0,51.664943072531,-0.398407421888528,££
Kingsland Hotel,1,5.0,51.584673,-0.282547,None
Travelodge Hotel,4,4.5,51.5468813569341,-0.478289176019948,££
Fox & Goose Hotel,6,4.0,51.5330956741352,-0.295736327686678,££
The Hide London,4,5.0,51.580534,-0.225477,££
Hendon Hall Hotel,3,4.5,51.5942603,-0.2190554,£££
Laura Ashley Manor,3,3.5,51.63952458258,-0.289999732695803,£££
London Marriott Hotel Park Lane,45,4.5,51.5130472305961,-0.157890279762221,£££
Ramada Jarvis Watford,1,4.0,51.6498191,-0.3382797,None
Matrise Hotel Wembley,1,4.0,51.5515647,-0.2943105,None
Holiday Inn Express Hotel London-Golders Green North,4,3.5,51.5904777,-0.1995453,££
Best Western White House Hotel,3,3.5,51.656388,-0.4017272,££
Holiday Inn Express - Ealing London,2,4.5,51.5098193,-0.3248211,£££
Hilton,7,3.5,51.6652589687617,-0.360548393765978,££
Hyatt Place London Heathrow Hayes,8,3.5,51.5145854,-0.3956248,None
Holiday Inn Express Hotel London-Park Royal,12,3.5,51.5230346894203,-0.25939911601597,££
Hotel La Gaffe,6,5.0,51.5593645,-0.1785256,££
Best Western Palm Hotel,4,4.0,51.5632314,-0.2043503,££
Jurys Inn London Watford,5,3.0,51.658375,-0.3969324,££
Hotel Indigo,33,4.5,51.5151159,-0.17403,££
Glenlyn Hotel,4,4.5,51.617337,-0.1772059,££
DoubleTree by Hilton Hotel London - Hyde Park,34,4.0,51.51009,-0.1903424,££
Hilton Garden Inn London Heathrow Terminals 2 and 3,13,4.5,51.4697872006383,-0.453528299079608,None
DoubleTree by Hilton Hotel London - Ealing,11,3.5,51.511511119821,-0.290674235226951,££
The Green Man Hotel,3,3.5,51.5567328,-0.2889849,££
xanadu hotel,6,4.5,51.5118,-0.305777,£££
London Marriott Hotel Regents Park,35,3.5,51.5420479728882,-0.17014765889553,££
Urban Villa ,7,4.5,51.4909674303453,-0.302642112946327,££
Holiday Inn London Wembley,9,2.0,51.5557544,-0.2850951,£££
Premier Travel Inn,1,4.0,51.657512,-0.25581,None
The Kings Head Hotel,5,4.0,51.507858578233,-0.27299397386635,££
Denham Grove,3,3.5,51.598413,-0.511718,££
Haverstock Hotel,1,5.0,51.5490438,-0.1619664,None
Hotel Mehfil,7,4.0,51.5039,-0.380016,££
Hotel 41,29,5.0,51.49822327,-0.14352472,££££
Sofitel London Heathrow,93,4.0,51.473419,-0.4916834,£££
Days Hotel London North,2,3.5,51.6292760713375,-0.263941190000421,££
Clayton Crown Hotel London,12,3.5,51.55653,-0.21416,££
DORSETT,24,4.0,51.5040567,-0.2246746,££
Hilton Garden Inn London Heathrow Airport,47,4.0,51.4681555455725,-0.419068933362628,££
Richmond Park Hotel,1,4.0,51.4576846,-0.3051269,££
Holiday Inn Hotel London-Elstree M25 Jct23,2,1.5,51.656917,-0.250296,££
Park Plaza,1,5.0,51.527325,-0.2827538,None
The Westbourne Hyde Park,9,5.0,51.5127872,-0.17727,££
Holiday Inn London Brent Cross,3,3.5,51.5735,-0.222245,££
Barn Hotel,5,3.5,51.5702505,-0.4215752,£££
Hotel Xenia Autograph Collection,26,4.5,51.4950079536724,-0.189841389656067,££
Grim's Dyke Hotel,1,3.0,51.6208938663811,-0.349561596235073,None
The W14 Kensington,10,4.0,51.49159793,-0.21048263,£
St. Pancras Renaissance Hotel London,80,4.5,51.529852,-0.12581,£££
K+K Hotel George,53,4.5,51.4921,-0.19529,££
Abbey Lodge Hotel,2,4.0,51.50849,-0.29817,££
Royal Chace Hotel,4,4.5,51.6675567626953,-0.112074002623558,£££
Hotel Indigo,28,4.5,51.4919293664835,-0.191815613709144,££
London Heathrow Marriott Hotel,51,3.5,51.4810036018484,-0.438159397675349,££
Holiday Inn Express,2,4.0,51.7165868,-0.282267,None
The Chelsea Harbour Hotel,4,4.5,51.4747542817288,-0.185050964355469,££
The Nadler Kensington,37,4.5,51.4930313,-0.1901229,££
Clayton Hotel,7,3.5,51.4924184,-0.2784701,None
Miller's Hotel,4,5.0,51.5150554,-0.1936962,£££
Clayton Hotel,1,5.0,51.5561548,-0.2141824,££
The Nadler Victoria,18,4.5,51.498951,-0.142695,££
The Grove,12,3.5,51.6717375152858,-0.462037068261679,££££
Wembley International Hotel,3,2.5,51.55945,-0.28442,££
Red Lion,13,4.0,51.4755114229791,-0.238991086222721,££
Yotel,41,4.0,51.459606,-0.446491,££
Holiday Inn Express Hotel London-Swiss Cottage,14,3.5,51.548093949091,-0.18046337019028,£££
Staybridge Suites,2,5.0,51.481753,-0.487924,None
The Ampersand Hotel,47,4.5,51.4943093699229,-0.1755579,£££
Travelodge,1,4.0,51.5727,-0.149778,None
bridge park hotel,2,2.5,51.5412855,-0.2618278,None
St Paul's Hotel,5,5.0,51.4936666632068,-0.215064645375956,£££
JW Marriott Grosvenor House London,109,4.0,51.509738,-0.154891,£££
The Kensington Hotel,45,4.5,51.492559,-0.1780645,£££
Arora Heathrow Hotel,10,4.0,51.482501,-0.468083,££
Premier Inn,20,4.0,51.4801406,-0.4243135,££
The Landmark London,60,4.5,51.521462340704,-0.16263050427116,££££
Madonna Halleys Hotel,1,1.0,51.6093549,-0.2829516,None
The Raglan Hotel,2,3.5,51.592001,-0.144241,££
Lancaster Hall Hotel,6,4.5,51.5132116234142,-0.179161089618674,£
Ibis Styles Ealing,1,4.0,51.5127083405018,-0.312198131599189,None
OYO The Arch,2,3.0,51.5531558,-0.28531,None
The Milestone Hotel and Residences,27,4.5,51.50201555,-0.1866541,££££
Adria Hotel,5,4.0,51.4944742,-0.2300197,£££
Baglioni Hotel,15,5.0,51.5017337,-0.184646,££££
The Pillar Hotel,2,3.0,51.5834,-0.2163263,£££
Bulgari Hotel - London,10,4.5,51.501536,-0.162789,££££
The Red Lion Hotel,5,3.5,51.685339,-0.318466,££
The Draycott,4,5.0,51.4930610656738,-0.159959003329277,£££
The Windermere - Hotel & Brasserie,16,4.5,51.490359,-0.145936,££
The Lodge Hotel,4,4.5,51.4576355782765,-0.206214660577416,££
The Arch London,15,4.5,51.515972,-0.159814,£££
Brook Green Hotel,14,4.0,51.4973732,-0.2228846,££
Aviva Holiday Studios,4,5.0,51.4945462842526,-0.228463035598638,££
The Holmes Hotel,20,3.5,51.5210546187993,-0.156072708598344,££
W12 Rooms,4,4.0,51.5045326,-0.2191174,££
The New London Carlton Hotel,1,5.0,51.5342436,-0.1878918,None
The Enterprise Hotel,3,4.5,51.5440680572043,-0.152571808452271,££
Travelodge Hotel,1,3.0,51.635304,-0.1761,£
Four Seasons Hotel,29,4.5,51.5044391859339,-0.149880248341834,££££
Royal Park Hotel,16,4.5,51.5140501,-0.1765312,£££
11 Cadogan Gardens,11,4.5,51.493533704065,-0.159166531174037,££
Bankside Hotel,7,5.0,51.5077324,-0.1050443,None
Travelodge Hotel,1,1.0,51.53804,-0.283136,£
Heatherbank Guest House,2,5.0,51.617226,-0.17879,££
Aerotel,1,5.0,51.4697761535645,-0.4495590031147,None
Sofitel ,50,4.5,51.507572834636,-0.13251408519246,£££
Afternoon Tea,13,5.0,51.4969179,-0.1676494,£££
Crescent Hotel,6,4.5,51.5262838,-0.1270723,£
The Bailey’s Hotel London,47,3.5,51.4940067839874,-0.182480116717755,££
London Marriott Hotel Maida Vale,34,3.0,51.5357669378,-0.190297029912,£££
Kew Gardens Hotel,2,5.0,51.4761031281616,-0.286880735915542,None
Ashburn Hotel,10,4.5,51.4945349856719,-0.186055699803947,££
Red Lion Hotel (London),11,3.5,51.534552,-0.460814,£££
Royal Lancaster London,42,4.0,51.512371,-0.175182,££
Luna Simone Hotel,22,4.5,51.490892,-0.138727,££
Knightsbridge Hotel,8,4.5,51.4981661,-0.1642037,£££
The Langham London,76,4.5,51.5177971001259,-0.143983186883702,££££
Best Western Mornington Hotel,15,3.5,51.512107,-0.178359,££
The London EDITION,44,4.5,51.5165663165253,-0.136568941983944,£££
The Rockwell Hotel,8,4.5,51.494439,-0.192979,££
Afternoon Tea at The Montague on The Gardens,56,4.5,51.52014261,-0.12558305,£££
Holiday Inn London - Brentford Lock,9,3.5,51.4825727,-0.3126936,££
Moxy London Heathrow Airport,15,3.0,51.480226,-0.414795,££
Portobello Hotel,5,4.5,51.5122027,-0.2035827,£££
Mercure London Hyde Park Hotel,1,5.0,51.5150334,-0.1742911,None
St. Ermin's Hotel Autograph Collection,123,4.0,51.4989304968664,-0.133800663215879,£££
The Caesar Hotel 4,22,4.0,51.5135917,-0.1827586,££
Holiday Inn Hotel London-Ealing,2,3.0,51.529936,-0.294048,££
The Stafford London,9,5.0,51.505918,-0.140391,££££
OYO Abbey Hotel,3,4.0,51.5063293541184,-0.224833920237757,£
The Z Hotel Piccadilly,11,4.5,51.5089718,-0.1314339,££
Darlington Hyde Park,9,4.0,51.515603,-0.171287,££
The Kensington Gardens Hotel,1,5.0,51.5133583,-0.1900571,£
Hempel Hotels,14,4.0,51.5130534,-0.182371,£££
Byron Hotel,6,3.5,51.5119742,-0.1851357,££
Hilton London Hyde Park,37,3.0,51.5104863798633,-0.187543331119741,££
myhotel,10,4.0,51.491938,-0.168589,££
Conrad London St. James,67,4.5,51.499352,-0.132922,£££
The Beaumont,8,4.5,51.51306,-0.152256,£££
Great Scotland Yard Hotel,2,5.0,51.5062952700701,-0.12628510594368,None
Hub Premier Inn,10,4.5,51.4989475320884,-0.132892395235955,£
Haymarket Hotel,20,4.5,51.5080197,-0.1311541,£££
Savoy Hotel,95,4.5,51.509711,-0.120045,££££
The Zetter Townhouse Marylebone,12,4.5,51.5148506164551,-0.158677995204926,£££
Ibis Shepherds Bush,2,4.0,51.5021099,-0.2200733,££
Holiday Inn London - West,2,2.5,51.52099,-0.262977,££
Twenty Nevern Square Hotel,12,4.0,51.4916,-0.1963035,££
Hilton London Paddington,92,3.0,51.5157526580863,-0.175882600189798,£££
Morgan Hotel,2,5.0,51.5180446,-0.1275755,££
Travelodge Hotel - Borehamwood Studio Way,1,2.0,51.662811,-0.262042,None
Dylan Paddington,1,5.0,51.5143596,-0.1804725,None
Holiday Inn Express ,13,4.0,51.4864494,-0.2032464,££
Renaissance London Heathrow Hotel,80,2.5,51.4808975589811,-0.446391543126879,££
Holiday Inn,4,4.5,51.4816428108666,-0.461758202440069,None
Grove End Hotel,1,3.0,51.6538966,-0.3760918,££
The Sumner Hotel,11,4.0,51.5152138,-0.1608312,££
Park Avenue Baker Street,3,4.0,51.5240975,-0.1609137,££
Dawson House Hotel,1,4.0,51.544256,-0.186507,None
The Nadler Soho,18,4.5,51.5147387,-0.1341108,£££
Holiday Inn Express Hotel Wandsworth-Battersea,10,3.5,51.4621129812147,-0.188907980923955,££
Kimpton Fitzroy London,9,4.5,51.5226349,-0.1249981,£££
The Pilgrm,2,5.0,51.5157585144043,-0.174393996596336,None
The Soho Hotel,51,4.0,51.513944,-0.133896,£££
Anchor Guest House,2,3.5,51.5706321,-0.1933185,None
The Marylebone Hotel,34,4.0,51.5180684097082,-0.149774551391602,£££
Limetree Hotel,14,4.0,51.4932719,-0.1500756,££
Claridge's,107,4.5,51.512611807224,-0.14789937950015,££££
Green Rooms Hotel,2,4.5,51.597085,-0.110765,££
Premier Inn London Putney Bridge,10,3.5,51.468586,-0.210617,££
Amba Hotel Charing Cross,36,4.5,51.508459,-0.124932,£££
Hilton London Angel Islington,28,3.5,51.5362022,-0.1048415,££
Holiday Inn,13,3.0,51.4947654579971,-0.456386081297728,££
Flynns,1,5.0,51.494756,-0.2347618,££
Grosvenor House Suites by Jumeirah Living,3,5.0,51.509892,-0.155116,£££
Mimi's Hotel Soho,8,4.5,51.5140329,-0.1320651,££
Hub by Premier Inn,4,4.5,51.5336638077301,-0.122056831444198,None
Danubius Hotel,25,4.0,51.5294075012207,-0.168528005480766,£££
Palmers Lodge,34,4.0,51.545364,-0.176194,None
The Laslett,9,4.0,51.50948,-0.1967388,£££
Hilton London Syon Park,8,3.0,51.4794816153586,-0.315511848587562,£££
291 Suites,2,3.5,51.5511866,-0.191926,£
ABC Hyde Park Hotel,2,4.5,51.5154297728282,-0.171587118932418,££
Hyatt Regency London - The Churchill,70,4.5,51.5154357,-0.1569583,£££
Hyde Park Towers Hotel,4,4.0,51.5122966,-0.1866112,££
K West Hotel & Spa,63,3.5,51.50245,-0.216437,£££
Finsbury Serviced Apartments,2,4.0,51.5640907,-0.1080414,££
THE CHESTERFIELD MAYFAIR,57,4.5,51.5077092067692,-0.147149585319539,£££
Radisson Blu Portman Hotel,12,4.0,51.5155385574255,-0.157316167980146,££
Hyde Park Boutique Hotel,4,3.5,51.5141723465349,-0.183955321332681,££
DoubleTree by Hilton Hotel London - Chelsea,9,4.0,51.4740940077368,-0.18382590229055,££
St. James's,15,4.5,51.506115,-0.140311,££££
Osterley Park Hotel,3,2.5,51.483095202973,-0.33622507336235,£
Holiday Inn London Camden Lock,15,3.5,51.540294818363,-0.14585854209414,£££
The Berkeley,44,4.5,51.5019068266959,-0.156179445368934,££££
Premier Inn ,2,3.5,51.5130858489262,-0.310119776433623,££
London House,33,3.5,51.514055,-0.189489,££
InterContinental London Park Lane,51,4.0,51.5037096713326,-0.150419232920702,£££
The Biltmore Mayfair LXR Hotels & Resorts,2,5.0,51.51084523852935,-0.1508711552267935,None
London Marriott Hotel Grosvenor Square,54,4.0,51.5125949421553,-0.150771225131166,£££
Corinthia Hotel London,64,4.5,51.5065361584961,-0.124341458197023,££££
The Cavendish,34,4.5,51.507877,-0.137955,£££
Hilton London Kensington,64,3.0,51.5048965581936,-0.214575697715143,££
The An-nur Hotel,1,4.0,51.5109361,-0.1850278,None
The Dorchester,118,4.5,51.507302,-0.152594,££££
Park City Grand Plaza Kensington Hotel,24,3.5,51.4956613,-0.1893211,££
Ham Yard Hotel,29,4.5,51.5111504,-0.1344988,£££
Coronation Hotel,1,5.0,51.492861,-0.196802,None
H10 Hotel,30,4.5,51.498886,-0.106292,££
The Exhibitionist Hotel,3,3.5,51.494825,-0.177838,None
The Main House,1,5.0,51.5145969,-0.2016608,None
The Hoxton Holborn,42,4.0,51.5172396196256,-0.122062552720325,££
Great Northern Hotel a Tribute Portfolio Hotel London,24,4.5,51.532379,-0.1254596,£££
Wyndham Grand London Chelsea Harbour,13,4.5,51.4773654686125,-0.18584659580074,££££
Beaufort Hotel,10,4.5,51.4977094,-0.1641254,£££
Best Western Chiswick Palace & Suites,4,4.0,51.4926428103153,-0.25076377290608,£££
Malmaison Head Office,1,5.0,51.51563,-0.1658,None
Holiday Inn Watford Junction,1,3.0,51.6619353,-0.3972173,None
Pullman Hotel,27,4.5,51.5287433066088,-0.127791479939421,£££
Princess Hotel,3,5.0,51.5289363,-0.1232505,££
Hub By Premier Inn,8,4.0,51.5100618095395,-0.127215376054204,££
Coach & Horses Hotel,12,3.5,51.483189976606,-0.28649884633083,££
Columbia Hotel,13,3.5,51.5114958,-0.1795872,££
Vicarage Private Hotel,2,4.5,51.505132,-0.192499,£
Lancaster Gate Hotel,23,3.5,51.5120575,-0.1809573,££
Crowne Plaza London - The City,28,4.0,51.5127032,-0.104334,£££
The Capital Hotel Apartments and Townhouse,17,4.5,51.49996,-0.16146,£££
Covent Garden Hotel,36,4.5,51.5143585205078,-0.127162992954254,££££
Travelodge Hotel,4,2.5,51.527014,-0.279399,None
Lowndes Hotel,8,4.5,51.4993063,-0.1577173,£££
Holiday Inn ,18,3.5,51.5225489331923,-0.142724030932378,££
Mandarin Oriental,36,4.5,51.502252452438,-0.160007139695516,££££
Best Western Swiss Cottage Hotel,6,2.5,51.5446644,-0.1727042,££
Aster House,5,4.5,51.4925736,-0.1754493,£££
Crowne Plaza London - Kensington,27,4.0,51.4951633473118,-0.183685564772395,£££
The Lanesborough,46,4.5,51.502441,-0.152723,££££
Holiday Inn ,17,3.5,51.52391,-0.125012,£££
Eccleston Square Hotel,11,4.0,51.491084,-0.145115,££
Best Western - The Delmere Hotel,9,3.5,51.5156027,-0.1723232,££
The Colonnade,22,3.5,51.523564774982,-0.18423751631226,£££
The Penn Club,2,4.5,51.5206450127812,-0.12505496414401,££
Camden Lock Hotel,7,2.5,51.5437777,-0.152007,££
Lancaster Gate Superior Apartments,1,4.0,51.511436,-0.186658,None
The Fielding,8,4.5,51.5139067879982,-0.121998639525867,££
acton town flowers,2,4.5,51.503071,-0.2803027,None
Apex Temple Court Hotel,23,4.5,51.5137832,-0.1088746,£££
The Pelham,16,4.5,51.4944549965216,-0.17487109640922,£££
Ramada,1,4.0,51.529409,-0.168528,None
Hazlitts Hotels,27,4.5,51.5143751616248,-0.131922345785483,£££
Phoenix Hotel,20,3.0,51.5137025,-0.1898807,££
Premier Inn,3,4.0,51.5345834,-0.1059193,££
Hellenic Hotel,2,4.5,51.49888,-0.22196,None
Etap Hotel,1,5.0,51.465941,-0.377392,None
Charlotte Street Hotel,29,4.0,51.51840064125,-0.134992897529986,£££
Premier Travel Inn,2,4.5,51.496173,-0.446477,None
DoubleTree by Hilton Angel Kings Cross,23,3.5,51.532128967364,-0.10958376945557,££
Travelodge,2,3.0,51.5119789024841,-0.310969768652853,££
The Grand at Trafalgar Square,96,4.0,51.5071479913617,-0.126278438630075,££
The Rubens at the Palace,83,4.5,51.49826525,-0.14349978,£££
Hyatt Place London Heathrow Airport,22,3.5,51.48194,-0.468295,££
Residence Inn by Marriott London Kensington,19,3.0,51.4936447143555,-0.20218800008297,££
Premier Inn,2,4.0,51.5194945,-0.116961,None
Travelodge Hotel,2,3.5,51.4856796,-0.3937,None
Grand Royale London Hyde Park,13,3.5,51.510981,-0.186352,£££
hotel reservations,6,4.5,51.5291328,-0.1217508,£
Brunel Hotel,3,4.0,51.5145603,-0.179581,None
45 Park Lane,4,5.0,51.5063727830847,-0.151556956755482,££££
Restaurant at The Capital,5,4.5,51.4999835,-0.1616577,£££
Ramada Hounslow Heathrow - East,10,3.0,51.4697788504578,-0.367192997595951,££
Novotel,5,3.0,51.4907511868273,-0.301663354039192,££
Radisson Blu Edwardian Hampshire,23,4.0,51.5098477563198,-0.129852334579805,£££
No Ten Manchester Street Hotel,10,4.0,51.5187995,-0.1538386,£££
The Abbey Court Hotel,4,3.5,51.5102002,-0.1968642,££
Holiday Inn Express,16,3.0,51.488817,-0.535915,££
Grange Blooms Hotel,1,5.0,51.5198687,-0.1259157,None
Furnival House,1,5.0,51.5712444,-0.1434451,None
London Visitors Hotel,3,3.5,51.49824,-0.2077,£
The Ritz London,201,4.0,51.5069729900444,-0.141605891449217,££££
The Cleveland,1,3.0,51.5139700750321,-0.183069817721844,None
Grand Residences by Marriott - Mayfair-London,3,4.5,51.5111287,-0.1549705,££££
The Zetter Hotel,43,4.0,51.522758,-0.103696,£££
Royal Hotel,1,5.0,51.511842,-0.185604,None
Hub By Premier Inn,13,4.5,51.4990349,-0.1326035,None
The Connaught,32,4.5,51.5101556,-0.1496314,££££
Blakemore Hotel,1,5.0,51.5129285,-0.1837063,£££
Z Hotel Victoria,25,3.5,51.495617,-0.146329,££
Sheraton Towers Hotel,2,4.5,51.5010869623989,-0.180579868261702,None
Troy Hotel,4,4.0,51.511374,-0.184988,££
Cricklewood Lodge Hotel,2,3.0,51.5523755,-0.2107376,£
Premier Inn Archway,2,4.0,51.5657300803703,-0.135606468608241,None
London Grove Hotel,1,4.0,51.4970741,-0.2269388,None
88 Studios,6,3.5,51.4992798,-0.2091135,££
St. James' Court A Taj Hotel,48,4.0,51.4985964128815,-0.137215312466569,£££
Two Brewers Inn,12,3.0,51.703888,-0.491214,££
Hilton London Heathrow Airport,71,3.5,51.4590170250178,-0.441130079692812,£££
Harmondsworth Hall,1,5.0,51.488001,-0.47886,None
St Martins Lane Hotel,74,4.0,51.510378,-0.1268051,£££
The California,9,3.5,51.5295197473846,-0.123414203302367,£
Kensington House Hotel,9,4.0,51.5012354,-0.186005,£££
Hotel Café Royal,65,4.5,51.510171,-0.135962,£££
The Goring,35,4.5,51.49762,-0.145632,££££
Travelodge,5,4.0,51.5301395893589,-0.120352728472182,£
London Marriott Hotel County Hall,105,4.0,51.5009824925665,-0.119301246332043,£££
Travelodge Hotels,4,2.0,51.538039,-0.283135,£££
Days Inn London Hyde Park,6,3.5,51.5153236,-0.1731452,££
Harlingford Hotel,15,4.0,51.5260951,-0.1261868,££
Millennium & Copthorne Hotels at Chelsea Football Club,10,3.0,51.480991,-0.189177,££
MiNC Notting Hill Suites,1,5.0,51.509479,-0.196795,£££
Crowne Plaza Hotel London-Heathrow,32,3.0,51.4994964599609,-0.454241007566452,££
Yha England & Wales,3,4.5,51.5026041,-0.2023847,£
Rhodes Hotel,6,3.5,51.513748,-0.174575,££
DoubleTree by Hilton,30,3.0,51.480149409421,-0.4112424,££
Sea Containers London,4,5.0,51.508145,-0.106668,None
Palmers Lodge Hillspring,5,2.5,51.5458792516127,-0.219170610918663,None
Park Grand London Heathrow,6,3.0,51.4786575283567,-0.363556180191516,££
The Cadogan A Belmond Hotel,13,4.0,51.497018013839,-0.15923097672848,None
The Gore,21,4.0,51.5002403,-0.1797929,£££
Thistle Kensington Gardens,32,3.0,51.5109254,-0.1838732,££
De Vere Grand Connaught Rooms,5,4.0,51.5155551848791,-0.120639991795868,None
The Royal Horseguards Hotel,76,4.0,51.5057942764879,-0.124203793533464,£££
The Bloomsbury Hotel,41,4.0,51.5171420898507,-0.1290839910507,££££
Arbor Hyde Park Hotel,1,4.0,51.5120575,-0.1809573,None
Portobello House,9,3.0,51.519389,-0.21148,££
The Rosebery - Supercity Aparthotels,3,4.5,51.52355,-0.111137690807368,None
King Solomon Hotel,1,1.0,51.57514,-0.2038,None
Crowne Plaza London - Ealing,1,1.0,51.5296974833089,-0.293983268003859,None
London-Hotels.co.uk,1,5.0,51.495601,-0.1879081,None
Charlies Hotel,2,4.0,51.5553807,-0.1298956,£
Taj,8,5.0,51.4984086675968,-0.137984119240007,£££
London Lodge Hotel,5,3.5,51.495759,-0.194759,£££
Pestana Chelsea Bridge,8,4.0,51.481392,-0.148832,£££
The Victoria,5,3.5,51.461107,-0.27563,£££
Premier Inn Heathrow Terminal 5 Airport,4,3.0,51.4818807787609,-0.481905172762747,None
The Montcalm London Marble Arch,15,3.5,51.5151908,-0.1592042,£££
St David's Hotels,7,3.5,51.516004,-0.173908,££
Hyde Park Inn,7,2.5,51.512424,-0.186229,None
Thistle,3,4.0,51.5210612,-0.1232645,££
The Captain Cook Pub and Rooms,1,5.0,51.481147767711,-0.209733136444466,££
Novotel ,15,3.5,51.519091159161,-0.182004941234954,£££
A to B Hotel,2,2.0,51.513365,-0.291803,££
Best Western Buckingham Palace Road,9,3.5,51.4921015,-0.146149,££
Premier Inn,4,4.0,51.5277442932129,-0.129065006971359,££
Dylan Kensington,1,4.0,51.4920193,-0.1991603,None
Orlando Hotel,1,4.0,51.4987257,-0.2220405,££
Park Plaza Westminster Bridge London,136,3.5,51.500945128618,-0.116817394584042,£££
DoubleTree by Hilton Hotel London - West End,40,3.0,51.5202715055578,-0.121863203559605,££
Bluedaws Private Hotel,1,5.0,51.5151562,-0.1720422,££
Royal Eagle,10,2.5,51.51425,-0.17849,££
Duke Of Leinster Hotel,4,3.0,51.5127571,-0.1836563,££
Comfort Inn Bayswater,1,4.0,51.512796,-0.192657,None
Victory Services Club,2,4.5,51.513906,-0.162217,££
Number 11,1,5.0,51.4937056,-0.1591716,None
Tune Hotel King's Cross,18,3.5,51.5288683406448,-0.119505832561059,££
Travelodge Hotel,4,4.5,51.5006142,-0.1078255,£
London Marriott Hotel Marble Arch,46,3.0,51.5164128020252,-0.163492229341955,£££
Bay Tree House,1,5.0,51.6187782,-0.1360756,None
COMO The Halkin,1,5.0,51.500831,-0.151952,£££
Marlin Waterloo,19,4.0,51.4992169,-0.1130701,££
Ramada London South Ruislip,2,2.5,51.557616,-0.396967,£££
Four Seasons Hotel,6,5.0,51.5044391859339,-0.149880248341834,££££
The Belgrave,16,4.0,51.4901569,-0.1380582,£££
The Rathbone,15,3.5,51.518747,-0.135532,££
Mercure London Paddington Hotel,4,3.5,51.5161856,-0.1748852,££
Park Plaza London Riverbank,54,4.0,51.4911505,-0.1218023,£££
Number Sixteen,12,4.0,51.493083293133,-0.175445396683422,££££
Club Quarters,42,4.0,51.5069599284465,-0.126023153127242,££
Radisson Blu Edwardian Heathrow,47,3.5,51.4813129835504,-0.441116652740138,£££
Oakley Hotel,3,3.5,51.484772,-0.168646,££
Chiswick Lodge,1,4.0,51.4940723,-0.2549126,£
Sloane Square Hotel,10,3.5,51.4930076599121,-0.157079994678497,£££
Novotel,37,3.0,51.4919196,-0.2209354,££
Abba Queensgate Hotel,2,4.0,51.49835,-0.18041,££
Hotel Ibis Heathrow,35,3.0,51.4808865597196,-0.430631377662583,£
LSE High Holborn Residence,8,4.0,51.515647,-0.124927,£
Britannia Hotels,6,3.0,51.5441825,-0.1624524,££
Wellington Arms,1,2.0,51.6621316,-0.3950481,None
Radisson Blu Edwardian Vanderbilt,33,3.5,51.4951584,-0.182347,££
Henley House,5,4.0,51.4921378,-0.1914864,££
Croft Court Hotel Luxurious Kosher Hotel,2,1.5,51.5759046,-0.2013802,None
National Hotel,3,2.5,51.5916711,-0.1446595,££
Royal Garden Hotel,22,3.5,51.502942,-0.188119,£££
Thanet Hotel,5,4.0,51.5201551,-0.12396,££
Ridgemount Hotel,10,4.0,51.521786,-0.13222,££
Premier Inn,6,4.5,51.501824,-0.116469,££
Hotel 55,3,3.5,51.518261,-0.290884,££
Ruben S Hotel,1,5.0,51.498094,-0.143671,None
London Guest House,1,3.0,51.5139969,-0.2695482,None
Holiday Inn ,22,3.5,51.5077090319947,-0.142347367024516,££
Berners Hotel,1,4.0,51.51323573,-0.17712234,None
Cote Marylebone,1,5.0,51.5212173,-0.1515591,£££
Radisson Blu Edwardian Bloomsbury Street,20,4.0,51.5174384,-0.1273212,£££
The Chilworth,8,4.0,51.5151298,-0.1780597,£££
Access Apartments City,1,4.0,51.5141033,-0.1923972,None
Blue Orchid Rochester Hotel,10,3.5,51.4942672,-0.1366295,££
Rosewood London,36,4.5,51.5174224898076,-0.117810666561127,££££
Travelodge Hotel - London Heathrow Central,1,4.0,51.506420135498,-0.127210006117821,None
The Academy Hotel,12,3.5,51.5205247,-0.130701,££
Fraser Suites Queens Gate,4,4.0,51.4953324,-0.1807777,£££
Best Western Victoria Palace,18,3.5,51.4916186,-0.1415736,££
Premier Travel Inn,3,3.5,51.653952,-0.389379,None
One Aldwych,51,4.0,51.5119246,-0.1193851,£££
Park Inn Hotel,1,3.0,51.662472,-0.400182,None
Burns Hotel,9,3.0,51.4923494036636,-0.19113689661026,££
The Bentley London,17,4.0,51.4928379,-0.1843337,££££
The Wesley Euston Hotel & Conference Venue,9,3.0,51.5267288,-0.1358634,££
London Premier Hotels,1,4.0,51.5135,-0.179853,None
The Zetter Townhouse Clerkenwell,29,4.0,51.5230571767388,-0.103933157141773,£££
London Marriott Hotel Kensington,24,3.0,51.4943563474901,-0.189954282974441,£££
The Z Hotel,3,3.5,51.518144,-0.158343,££
Hotel Indigo,2,4.5,51.5107516,-0.1309399,None
The Mandeville Hotel,19,3.5,51.516526,-0.150985,£££
ibis Styles London Heathrow Airport,2,3.5,51.4813992739292,-0.448706098477958,££
Lincoln House Hotel,1,4.0,51.51759,-0.158048,££
Plaza On the River Hotel,6,3.5,51.5002,-0.126236,£££
The Athenaeum Hotel,54,4.0,51.504635,-0.147403,£££
Hilton London Olympia,52,3.0,51.496933,-0.206485,£££
Holiday Inn,13,3.0,51.5169316,-0.1492864,££
Novotel,18,2.5,51.4975665648121,-0.456011958444151,££
Hotel Edward,2,3.5,51.5140444,-0.1749291,££
Comfort Inn,6,3.0,51.523324,-0.1745748,££
The Floating Boater,2,4.0,51.520719,-0.182758,None
Premier Travel Inn,1,2.0,51.551546,-0.167221,£££
.,1,1.0,51.5354973,-0.2971316,None
One Tun,2,4.5,51.5196293,-0.1064241,None
Rushmore Hotel,2,4.5,51.4922762,-0.1943838,£££
Maitrise Hotel,4,2.5,51.5366836,-0.1920631,£££
Premier Inn,1,3.0,51.4910003,-0.3051931,££
Dolphin Square Hotel,7,4.0,51.4863,-0.136429,£££
ibis London Earls Court,33,3.0,51.4859372055565,-0.19920900355257,££
The Lanesborough,6,4.0,51.5026286852122,-0.152761534244821,££££
Hyde Park International,6,4.0,51.5125053,-0.1862519,££
Millennium Hotel London Knightsbridge,7,3.5,51.499921,-0.160193,£££
Best Western Corona Hotel,7,3.5,51.4899445,-0.1369424,££
Megaro Hotel,49,4.0,51.5298,-0.123823,£££
Tune Hotel,12,4.0,51.4990845303168,-0.112619759270338,££
Dukes Hotel,52,4.5,51.5055105,-0.1396895,££££
Cherry Court Hotel,11,4.0,51.4925203,-0.1450402,££
Thistle Marble Arch,25,3.5,51.514315,-0.156604,££
London Hilton on Park Lane,61,3.5,51.505452525101,-0.15051448054659,£££
Atelier EC1,1,5.0,51.519671,-0.106838,None
Fifty Four Boutique Hotel,3,3.5,51.4962577819824,-0.179755002260208,££
Olympic House,5,3.5,51.5154356,-0.1729402,££
Sheraton Grand London Park Lane,106,3.5,51.5045999,-0.1469917,£££
The Pay and Sleep,1,3.0,51.5069046,-0.3788383,£
Fitzrovia Belle,14,3.5,51.5225487,-0.1359236,££
Hampton By Hilton London Waterloo,29,3.5,51.5008745782199,-0.10801792094101,££
Lord Milner,3,3.5,51.493962,-0.149176,£££
Me,35,4.0,51.5118462758476,-0.118709250331904,£££
Park Grand London Hyde Park,19,2.5,51.5156031,-0.1799657,££
Travelodge,9,3.5,51.5278,-0.131397,££
Alhambra Hotel,19,4.0,51.5293381,-0.1236626,££
Hilton London Metropole,141,3.0,51.5193983134154,-0.169682935447581,£££
Glendale Hydepark Hotel,1,4.0,51.514031,-0.180012,££
54 Queen's Gate Hotel,1,5.0,51.49635,-0.17962,None
easyHotel - Victoria,34,3.5,51.4920332,-0.1421055,£
Best Western Premier Kensington,6,4.0,51.494258579421,-0.191877903056563,£££
Premier Inn,18,3.5,51.5026057302504,-0.1181543888855,££
Blakes Hotel,19,3.5,51.489170042376,-0.18011129628463,££££
The Cromwell,9,3.0,51.4951182556978,-0.184168523320625,££
Grange Langham Court Hotel,4,3.5,51.5192957,-0.1413333,££
soho hotel,1,5.0,51.515249,-0.132104,None
Days Hotel,1,5.0,51.5153246,-0.1731453,££
West Lodge Park,2,2.5,51.6573181,-0.15311,£££
Hampstead Village Guest House,3,3.5,51.5558066,-0.172092,£££
DoubleTree By Hilton Hotel London - Victoria,42,3.5,51.4939289134206,-0.143322030594069,£££
Sheraton Heathrow Hotel,51,3.0,51.4835739135742,-0.481254994869232,££
Grosvenor Hotel,74,3.5,51.49576,-0.14551,£££
Premier Inn -London Blackfriars  Hotel,6,3.5,51.5127968306994,-0.105198918755708,££
Park Inn by Radisson London Heathrow,35,3.0,51.4825419777754,-0.451337640515515,££
George Hotel,5,3.0,51.5260951,-0.1262868,££
The Continental Hotel,3,3.0,51.4695898350506,-0.366561748087406,££
Sheraton Skyline Hotel London Heathrow,25,3.0,51.4807691,-0.4367355,££
The Reem Hotel,2,3.0,51.5133147,-0.1925695,££
Radisson,17,4.0,51.513951,-0.127117,£££
Barclay House London B&B,1,5.0,51.479497,-0.197272,None
Victory Pub and Kitchen,1,2.0,51.6397377,-0.308556,None
Park Inn Hyde Park,5,4.0,51.5114463,-0.181915,££
Dorset Square Hotel,4,3.5,51.5224933,-0.1605826,££££
Arosfa Hotel,8,3.5,51.5222914713296,-0.132605712853606,£
Holiday Inn Hotel London Kensington Forum,64,3.0,51.4942881090697,-0.185131809694077,££
Blue Bells Hotel,3,3.0,51.5114527,-0.1941966,£
The Hoxton,1,5.0,51.5056773,-0.1046764,None
Citadines Trafalgar Square London,27,3.5,51.5072784423828,-0.124802000820637,££
Regency House Hotel,4,3.5,51.5216848,-0.1321776,££
Copthorne Tara Hotel London Kensington,74,2.5,51.4985234,-0.1909757,£££
Jurys Clifton Ford Hotel,3,3.5,51.5179939,-0.1497692,None
Quality Crown Paddington Hotel,5,3.5,51.516262,-0.174878,££
58/60 Berners Street London,1,5.0,51.5171477,-0.136908,None
Brookmans,3,2.5,51.7224082946777,-0.202401995658875,None
White Lodge,2,3.0,51.5851531,-0.1155473,££
Dalmacia Hotel,2,3.5,51.4991475,-0.2219951,£
Best Western Plus Seraphine Hammersmith,7,3.0,51.4926266,-0.2296035,£££
St  Athans Hotel,11,4.0,51.5251934106446,-0.126380119252758,£££
Leonard Hotel,4,3.5,51.514628,-0.157793,££
The Trafalgar St. James Curio Collection by Hilton,50,3.5,51.5073702861629,-0.129121295037066,£££
Leonardo Hotel,24,3.0,51.4815401339031,-0.456904171958115,££
Belgraves,10,3.5,51.49726,-0.15639,£££
Best Western Plus Vauxhall Hotel,1,4.0,51.480197,-0.123552,None
Imperial Hotel,25,3.0,51.5216228,-0.1239801,££
Park Plaza Victoria London,30,3.5,51.4942431032449,-0.141779560397999,£££
Radisson Blu Edwardian Grafton,41,3.5,51.5241386,-0.1380807,£££
Earls Court Studios,3,3.5,51.490279,-0.1956077,£
Leigh House Hotel,3,2.5,51.5261879,-0.1256742,None
Amsterdam Hotel London,4,3.5,51.49234,-0.1945342,££
The Earls Court Hotel,1,4.0,51.4897242,-0.1931678,££
Comfort Inn Hyde Park,4,3.0,51.510995,-0.185465,££
The Westland Hotel,1,4.0,51.5102015,-0.1909759,£££
Travelodge,2,3.5,51.4876595,-0.29678,££
The Hampstead Britannia London,3,2.0,51.5428839,-0.1624092,££
The Standard London,3,4.5,51.5294399,-0.1241796,None
Hotel NH London Kensington,16,3.0,51.4948923592139,-0.195401857811021,££
The Lynton Hotel,2,5.0,51.4939613342285,-0.149176001548767,None
Ruby Lucy Hotel London,1,5.0,51.50136,-0.11196,None
Holiday Inn Hotel London-Heathrow Ariel,19,2.5,51.4812044426575,-0.433356685844387,££
Central Park Hotel,5,2.5,51.5112524,-0.1852373,None
Kingsway Hall Hotel,15,3.5,51.515887,-0.120163,££
Central Hotel,1,1.0,51.5757932,-0.197284,None
Rembrandt Hotel,46,3.5,51.496095,-0.1704756,£££
Travelodge Watford Central,1,1.0,51.6548921,-0.3978639,££
Westpoint Hotel,3,3.0,51.5149193,-0.1735521,££
Clink 261,16,3.5,51.528875,-0.120008,None
Atrium Hotel Heathrow,1,1.0,51.466164,-0.421078,None
Abbey Court Hotel,3,3.5,51.5147488,-0.1738644,£
New Atlantic Hotel London,1,3.0,51.5142922,-0.1809249,None
Premier Inn,11,3.0,51.5284598,-0.1270915,££
Griffin House Hotel,2,3.5,51.5148245,-0.1647968,££
The Hyde Park Radnor Hotel,3,3.5,51.514545,-0.172641,££
Vancouver Studios,4,3.5,51.5131464,-0.1910906,££
Hotel Montana,4,4.0,51.5291364,-0.1217579,£
Parkwood Hotel,1,4.0,51.5134305,-0.1631722,££
Sydney House Hotel,1,5.0,51.4911827,-0.1718867,None
Point A Hotel,2,4.0,51.5287208908479,-0.119322790965792,None
Lord Kensington,1,4.0,51.49137,-0.195132,None
Brown's Hotel,64,4.0,51.5091761,-0.1422935,£££
Novotel London Waterloo,21,3.5,51.4944,-0.118589,££
Hotel La Place,1,3.0,51.5214957,-0.1532409,None
Grand Royale Hotel,8,2.0,51.5110138051069,-0.186262038510908,£££
The Cardiff Hotel,6,3.0,51.515485,-0.173525,££
Millennium Gloucester Hotel London Kensington,41,3.0,51.4935176954908,-0.183433677909875,£££
Thistle Hotel Hyde Park,6,3.0,51.5113063,-0.1810587,££
Holiday Inn Express,5,2.5,51.492834,-0.232831,£££
Mercure Hyde Park,4,3.5,51.514992,-0.1744,£££
Goodenough Club,6,3.5,51.525021,-0.117442,£££
The Richmond Inn Hotel,1,2.0,51.4613966108476,-0.297884792089462,££
ibis Hotel,24,3.5,51.5049202898747,-0.104771614614305,££
Home House,38,4.5,51.516150244144,-0.15665305008251,£££
Travelodge,3,3.0,51.4698472134508,-0.367079297659585,££
The St. David's & Norfolk Court Hotel,3,4.5,51.516004,-0.173909,None
Thistle Piccadilly Hotel,12,4.0,51.51024,-0.131655,£££
St Margaret's,1,5.0,51.520126,-0.124577,None
Seraphine,3,3.5,51.4992177789758,-0.197496078908443,££
Berjaya Eden Park Hotel,6,2.0,51.5119955219563,-0.186555992302471,££
100 Queen's Gate,5,3.0,51.4925280592581,-0.178763223942497,None
69TheGrove,2,5.0,51.4848899841309,-0.120852999389172,None
Days Hotel,4,3.5,51.4694318,-0.3669932,££
COMO Metropolitan London,18,3.5,51.5050546,-0.1500369,£££
The Villa Kensington,4,3.5,51.4939079,-0.1858201,££
The Corner House Hotel,2,2.5,51.5479523,-0.1305717,££
Premeir Inn,1,5.0,51.5111008,-0.130264,None
Kensington West,5,3.5,51.493396,-0.2060222,££
Henrietta,5,4.0,51.5110531,-0.1234376,None
Mercure Heathrow,2,2.5,51.4943781118531,-0.430409638693125,££
The Westbury Mayfair a Luxury Collection Hotel London,23,3.5,51.511301,-0.142627,£££
The Fun Factory,1,5.0,51.463095,-0.131278,None
Mad Hatter Hotel,30,3.5,51.507024,-0.104918,££
The Queen's Gate Hotel,8,3.5,51.4982670600583,-0.179904983991946,£££
Meliá White House,55,3.0,51.5252773046154,-0.143664456938495,£££
Think Tower Bridge,3,3.0,51.4743347,-0.1877792,££
Celtic Hotel,6,3.5,51.522663,-0.124054,££
Hotel Ibis,2,4.0,51.4935829720813,-0.191914686272696,None
Park Grand London Lancaster Gate,9,3.5,51.513162,-0.1807825,££
Roseate House London,1,5.0,51.5140706516661,-0.176296112305843,None
Park Grand London Paddington,20,3.0,51.5142922,-0.1809249,£££
Flemings Mayfair Hotel,26,3.5,51.5064379,-0.145166,£££
The Waldorf Hilton London,101,3.5,51.512569,-0.118935,£££
Travelodge Hotels,1,3.0,51.470012,-0.511479,£
Pickwick Hall,5,4.0,51.5199753687396,-0.12370895255367,None
Premier Inn London Victoria,1,4.0,51.4918795,-0.1451971,None
Lyddleton Lodge,1,2.0,51.53031,-0.47864,None
Shaftesbury,1,3.0,51.51652,-0.1706166,££
Mayflower Hotel,10,3.0,51.4915779,-0.1948909,££
Best Western Top Hotel John Howard Apartment,2,3.5,51.5006246,-0.1807354,None
Elizabeth House,1,4.0,51.490783,-0.144335,£
The May Fair Hotel,3,4.0,51.50825,-0.143961,£££
Caring Hotel,8,3.5,51.5128789,-0.1830508,££
YHA London St Pancras,13,4.0,51.5286048,-0.1261913,None
Queens Hotel,2,3.5,51.555057820956,-0.162421250743864,££
Gower Hotel,2,2.5,51.515166,-0.172054,££
The Windmill Guest House,3,3.0,51.5535221,-0.2119243,££
BW Premier Park Grand,1,4.0,51.494033,-0.1914323,None
Easyhotel-South Kensington,3,4.0,51.4953601,-0.1894937,£
Crompton Guest House,2,5.0,51.470413,-0.366622,None
Park Grand Paddington Court London,14,2.5,51.513591,-0.180058,££
W London- Leicester Square,110,3.0,51.510782643006,-0.13138019123122,£££
Americana Hotel,4,3.0,51.52481,-0.160827,££
Holiday Inn,2,4.0,51.5403232988184,-0.145667615588504,££££
Novotol London West,1,5.0,51.5063,-0.12714,££
MStay Hyde Park Hotel,1,3.0,51.513552,-0.187572,None
Blandford Hotel,5,3.0,51.5194697,-0.1563074,££
Travelodge Hotel,3,3.5,51.483069,-0.200933,££
Holiday Inn London - Kensington,74,2.5,51.4988245259061,-0.191950977925019,£££
Artist Residence,2,4.5,51.4905342692675,-0.144874100589838,£££
Ibis budget London hounslow,3,2.5,51.467606,-0.366477,££
Sanctum Soho,23,3.5,51.5116683,-0.1383868,£££
Holiday Inn Express,1,5.0,51.4593048095703,-0.445080995559692,None
Wardonia Hotel,12,3.5,51.5284798,-0.12288,££
The Chronicle- Supercity Aparthotels,1,4.0,51.5167471,-0.1092325,None
Hilton London Euston,31,2.5,51.5266473,-0.1302459,£££
Euro Hotel,6,3.0,51.526247,-0.1269904,££
Stanley House Hotel,5,3.5,51.4921817020963,-0.141509256702264,££
Boston Manor Tube Station,3,2.5,51.504095,-0.3333296,££££
Jumeirah Carlton Tower,12,3.5,51.4984907738241,-0.158792335902884,££££
Astor Museum Inn,13,4.0,51.519656,-0.124971,None
Jesmond Hotel,6,4.0,51.5216824,-0.131966,££
The Montana Hotel,14,3.0,51.4953170466721,-0.182825501861915,££
Tudor Court Hotel,8,2.5,51.5158501,-0.174085,££
Jesmond Dene Hotel,14,3.5,51.5290213,-0.1233304,££
Radisson Blu Edwardian Kenilworth,21,3.5,51.5177749397533,-0.128096792561545,£££
Amba Hotel,9,4.0,51.5141902005807,-0.158267430961132,£££
Mentone Hotel,5,3.0,51.526239,-0.1265196,££
The Boltons Hotel,12,3.0,51.4908447,-0.1933568,££
The Queens Hotel,3,3.5,51.5549861,-0.1325628,£
Simply Rooms and Suites,4,2.0,51.4944876,-0.2070605,££
Athena Hotel,4,3.0,51.5160541949546,-0.171765434358576,££
Park International Hotel,24,3.0,51.4945144,-0.1866172,££
Space Apart Hotel,2,2.5,51.5147655,-0.1910769,££
Mina House Hotel,1,2.0,51.514081,-0.178021,££
The Lancaster Court Hotel,3,3.0,51.513868,-0.175483,None
Avonmore Hotel,1,4.0,51.5262344,-0.1269806,None
Harrington Hall Hotel,1,4.0,51.4931857,-0.1822232,£££
Barry House,4,4.5,51.514298,-0.172939,None
Tavistock Hotel,8,2.5,51.5242414277584,-0.128316522252727,££
Premier Inn,4,4.0,51.4597296077124,-0.439747134729775,None
Melbourne House Hotel,1,5.0,51.4902195,-0.1375192,None
Holland Park Hotel,3,2.5,51.5055805,-0.2224408,££
Le Méridien Piccadilly,103,3.0,51.5093994,-0.1361945,£££
Park Plaza County Hall London,39,4.0,51.5012896742598,-0.11584997177124,£££
The Park Tower Knightsbridge,12,3.0,51.501767,-0.158859,££££
Point A Hotel,9,2.5,51.5180969238281,-0.170884996652603,££
Langorf Hotel,3,2.5,51.55053,-0.18006,None
Atlantic Paddington,2,2.0,51.5141785,-0.1807305,None
Hotel 82,4,3.0,51.519553,-0.1586,££
Oxford Hotel,2,4.0,51.5128865,-0.1789027,£
Comfort Inn,5,3.5,51.4909177,-0.1389883,££
Astors Hotel Victoria London,1,4.0,51.493543325284,-0.149968032820898,None
Thistle Holborn The Kingsley,29,3.5,51.517631,-0.124973,£££
MANSLEY SERVICED APARTMENTS,1,4.0,51.506763458252,-0.146697998046875,None
Strand Palace,99,3.0,51.511099,-0.12071,££
London Elizabeth Hotel,11,2.0,51.511994,-0.176274,££
Shaftesbury Premier London Notting Hill,4,3.0,51.5125106,-0.1927295,£££
Premier Inn,13,3.0,51.4935432,-0.1907085,££
Samarkand Hotel,1,3.0,51.5125632,-0.2069729,None
Citadines South Kensington,6,3.5,51.497747,-0.1835143,££
Travelodge London Central Marylebone,4,3.0,51.5221212938035,-0.164036732579533,££
Royal Bayswater Hostel,3,2.5,51.5104826,-0.1863732,££
Crowne Plaza London - Battersea,4,2.0,51.4683031,-0.1783942,££££
StayBridge Suites - Vauxhall,5,4.0,51.489559173584,-0.122087001800537,None
Corus Hotel Hyde Park,36,2.5,51.5117427,-0.1775125,££££
Kensington Court Hotel,5,2.0,51.4926468,-0.1962831,££
Aa Falcon Hotel,2,4.5,51.515485,-0.173525,£££
Wellington Lounge,15,4.5,51.5034253,-0.1509413,£££
Pride Of India,2,2.0,51.512868,-0.186255,£
Ambassadors Bloomsbury,29,3.5,51.5266175654729,-0.129861379430535,££
Novotel,12,4.0,51.5050113,-0.104585,£££
The Shaftesbury,1,4.0,51.5118239,-0.132904,None
Comfort Inn King Cross,13,2.5,51.5300526178655,-0.121316313743591,££
The New Inn,17,3.5,51.535448505439,-0.1660665601002,££
YHA London Oxford Street,12,4.0,51.514762878418,-0.136702001094818,None
Premier Inn,24,4.0,51.5319107110705,-0.122366747149018,£££
Europa House Hotel,1,3.0,51.515736,-0.171578,None
Hotel Tria,1,5.0,51.5177696,-0.1963492,None
The English Garden,1,4.0,51.5198687,-0.1259157,None
Bedford Hotel,6,3.0,51.5196,-0.121854,££
Gower House Hotel,3,3.0,51.5215474,-0.1318161,£
NH Harrington Hall,5,3.5,51.4922388,-0.1832642,££
More House,2,3.5,51.4952354,-0.1784594,None
Travelodge Battersea,1,4.0,51.4658159,-0.1803253,None
Travelodge Walthamstow,1,1.0,51.53201489,-0.24463049,None
130 Queen's Gate Apartments,2,4.5,51.4945286,-0.1785535,None
The President Hotel,19,2.5,51.5222405,-0.1240885,££
Grantly Hotel,2,3.5,51.5033379,-0.222702,££
Travelodge,10,3.5,51.5038108019008,-0.102586448192596,££
Park Plaza London Waterloo,12,3.5,51.4982412,-0.1134715,£££
Gresham Hotel,3,2.5,51.516044,-0.17186,££
The Wellesley Knightsbridge a Luxury Collection Hotel London,9,3.0,51.502565,-0.1545323,££££
Ascot Hotel,5,2.0,51.514754,-0.176826,££
Grange Lancaster Hotel,1,4.0,51.5200079,-0.123828,£££
Comfort Inn Edgware Road,3,2.5,51.5233231,-0.1745747,None
The Chelsea House Hotel,2,2.5,51.488828,-0.190119,None
Youth Hostels Association,2,3.5,51.4902577,-0.1894979,None
Pavilion Hotel,9,4.0,51.517925,-0.168513,£££
DoubleTree by Hilton Hotel,17,3.0,51.5146552055576,-0.156698603558445,£££
Rough Luxe Hotel,3,3.0,51.5301099,-0.1221498,None
Grange Portland Hotel,2,4.0,51.5201235,-0.1243887,£££
No 5 Cavendish,18,3.5,51.5167498,-0.1441644,££££
Thistle,1,4.0,51.480366,-0.483723,None
Abercorn House,6,3.0,51.494463,-0.222103,None
Blue Orchid Wellington Hotel,7,3.5,51.4945394527536,-0.13631424051016,£££
Royal Cambridge Hotel,4,3.0,51.5155535,-0.1720146,£
Premier Travel Inn,4,2.5,51.4929216,-0.2255513,£££
Radisson Blu Edwardian Berkshire,9,3.0,51.5147675,-0.1484068,£££
Central London Apartments,1,5.0,None,None,None
Club Quarters,18,3.5,51.5160065,-0.1183224,£££
HIGH ROAD HOUSE BRASSERIE,9,4.0,51.4929014,-0.25471063,£££
Bestplace,1,5.0,51.49703,-0.11295,None
Brindle House Hotel,1,4.0,51.4916594,-0.1428897,None
Travelodge,24,2.5,51.5303192738549,-0.115699768066406,££
Astor Hyde Park,18,3.5,51.500617980957,-0.179739996790886,None
Dolphin Hotels,7,3.0,51.5161976,-0.1734646,£
Thistle London Heathrow Hotel,4,2.5,51.4812240600586,-0.48455798625946,££
The Bryanston Court Hotel,1,3.0,51.5161,-0.160217,None
Royal Court Aparments & The Paddington Hotel,2,2.5,51.512744465754,-0.17746204394051,££
Wembar Hotel,1,2.0,51.4890861,-0.1939331,None
Thistle Charing Cross Hotel,4,4.0,51.5083585,-0.1248029,££££
The New Dawn Hotel,2,2.5,51.5135639,-0.1870656,££
Oliver Plaza Hotel,6,3.0,51.4919267,-0.1951411,££
Chiswick Court Hotel,2,1.5,51.4967748,-0.2510061,£
Green Bar at Hotel Café Royal,5,5.0,51.5100916,-0.1359431,££
Parkside Hotel,1,3.0,51.461613,-0.1496553,None
Shendish Manor,1,3.0,51.7279306199429,-0.469528802696345,£££
Holiday Villa Hotel,6,2.5,51.5141023,-0.1840263,££
Boka Hotel,5,3.5,51.4887598922768,-0.195838664285134,£££
Westminster Hotel,1,2.0,51.5142509,-0.1920101,None
Aldwych Hotel,1,5.0,51.511933,-0.119422,None
Blakemore Hotel,9,3.0,51.5129285,-0.1837063,£££
Hilton London Heathrow Airport Terminal 5,30,3.0,51.4775108074078,-0.517315320901389,£££
Hunton Park,1,2.0,51.693191,-0.425026,None
Travelodge Heathrow Central,4,3.0,51.4789048390489,-0.409035785839645,None
The Marble Arch By Montcalm,1,3.0,51.515134,-0.160116,££££
Victoria Inn,7,3.5,51.457403,-0.30404,£
Euston Square Hotel,9,2.5,51.525887,-0.136181,££
Golden Star Hotel,1,4.0,51.4912904,-0.1430907,None
Huttons,12,2.5,51.4906340994282,-0.13835774108918,££
warwick house hotel,1,2.0,51.516004,-0.173909,None
Astons Apartments,3,3.5,51.4919631,-0.1828946,None
City Continental Kensington London,7,2.0,51.490888,-0.193048,££
Durrants Grill Room,1,4.0,51.517869,-0.1534843,None
Hotel Chocolat Stores,3,3.5,51.6556699,-0.3946547,££££
St Christopher's Inns,8,3.0,51.4932840155568,-0.224561503554062,None
Seven Dials Hotel,6,4.0,51.5149,-0.126723,None
Haven Hotel London,1,3.0,51.5180827808994,-0.168051451944047,None
Caswell Hotel,2,3.5,51.4903519,-0.1403932,££
Sapphire Hotel London,5,2.0,51.5008213,-0.2217039,None
Elysee Hotel,14,2.5,51.5124984405647,-0.178195238113403,££
Days Hotel,23,3.0,51.496673492704,-0.11218024515768,££
Ivy Lettings,4,5.0,51.4783446,-0.181336,None
New Aquarius Hotel,1,3.0,51.4933833,-0.1920717,£
The Regency Hotel,1,3.0,51.5215729,-0.153421,None
St George Hotel,1,1.0,51.518041,-0.158218,££
Lord Jim,8,3.0,51.4906453,-0.1936547,££
Beaver Hotel,3,2.5,51.4914752,-0.2005084,£
Notting Hill Gate Hotel,3,2.5,51.510266,-0.193016,None
Hotel Rafael On The Left Bank,1,3.0,51.4703728674686,-0.177898835844755,£££
Rafayel on the Left Bank,10,2.5,51.4695021423076,-0.17726455449224,£££
Point A Hotel London - Westminster,3,3.0,51.4991150896639,-0.112530402839184,None
Sani House Hotel,1,2.0,51.5061,-0.230053,£
Swinton Hotel,3,3.5,51.529397,-0.116684,££
Z Hotels,1,1.0,51.5111012495948,-0.124504665012353,None
1 Lexham Gardens Hotel,7,2.5,51.495141,-0.19039,££
Oxford Hotel,6,2.0,51.4910712,-0.193558,££
Bowden Court,1,4.0,51.4926055,-0.1425354,£
YHA London Central,22,4.0,51.520609251075,-0.14232153941241,None
Normandie Hotel,3,2.0,51.51641,-0.17117,££
Crowne Plaza London - Kings Cross,9,2.5,51.5263854,-0.1136042,None
Garden View Hotel,10,2.5,51.491795,-0.197679,££
Merlyn Court Hotel,1,2.0,51.4923477172852,-0.191420003771782,None
Knightsbridge Green Hotel,4,2.5,51.501601,-0.16254,££
Golden Strand Hotel,1,1.0,51.4985868,-0.222007,None
Ryder Street Chambers,1,4.0,51.507002,-0.13784,£££
Premier inn,4,3.0,51.510973,-0.130256,££
Grange Fitzrovia Hotel,12,3.0,51.5216697122293,-0.1425504174638,££
Maitrise Hotel Edgware Road,2,1.0,51.5211131,-0.1713202,None
New Linden Hotel,4,3.0,51.5134506,-0.1937141,££
The Clarendon Hotel,5,3.0,51.519881,-0.1241221,££
Garden Court Hotel,2,3.5,51.514334,-0.190895,£££
The Zetter,3,3.5,51.5227584838867,-0.103697001934052,None
Grange White Hall Hotel,5,3.0,51.519881,-0.1259235,££
Holiday Inn London Heathrow T5,3,3.0,51.4800284,-0.5130696,None
Grange Beauchamp Hotel,8,3.5,51.5196754,-0.1238677,£££
Exhibition Court,1,4.0,51.4939461,-0.189776,££
Red Cow,12,3.5,51.46183637149,-0.2967941886524,££
Rydges Kensington Hotel London,13,3.0,51.495738,-0.182786,£££
City Cafe,7,3.0,51.493246,-0.126675,££
The Jenkins Hotel,1,4.0,51.5268478,-0.1276618,£££
Imperial College Union,18,3.5,51.5004422021121,-0.17809846720126,£
The Lavender Guest House,1,5.0,51.4630615377195,-0.165567749108504,None
Central Hotel,8,3.0,51.529208,-0.123987,££
Travelodge Clapham Junction,2,3.0,51.4640083,-0.1678758,None
Stylotel Hotels,5,3.0,51.5150601,-0.1734449,None
Mercure Bloomsbury Hotel,9,3.0,51.521128,-0.123066,£££
Edward Lear Hotel,1,4.0,51.5146834,-0.1585984,££
Cranley Gardens Hotel,1,4.0,51.4908765860627,-0.17990319532974,None
Premier Travel Inn,1,4.0,51.7165295,-0.4502063,None
Bayswater Inn,17,2.0,51.512833,-0.192122,££
Paddington Court Suites,1,1.0,51.5135345,-0.1799403,None
The Trebovir Hotel,5,2.5,51.4919153,-0.1943875,£
Queensway Hotel,3,2.5,51.514868,-0.17257,££
Prince William Hotel,9,2.0,51.5138837,-0.178332,££
Howard Winchester Hotel,5,2.5,51.529418,-0.122032,None
The County Hotel,8,3.0,51.5264190994263,-0.12953687498875,£
The Inn At Kew Gardens Hotel,7,4.0,51.4761031281616,-0.286880735915542,£££
Norfolk Towers Hotel,14,2.0,51.516217,-0.171983,£
Abcone Hotel,3,3.5,51.493889,-0.185914,None
Travelodge London Vauxhall,2,3.0,51.4853549,-0.1239556,££
Holiday Inn London - Oxford Circus,2,1.0,51.5148920933946,-0.147197170135479,None
Red Lion Hotel,2,2.5,51.510541,-0.371427,None
Royal Hyde Park Hotel,3,1.5,51.5134558,-0.1874687,££
Warwick House Hotel,1,3.0,51.4920826,-0.1988515,££
The Nadler Covent Garden,1,5.0,51.5099477873646,-0.123421788146497,None
EasyHotel Earls Court,17,3.0,51.4941086,-0.1978009,£
Shakespeare Hotel,9,3.0,51.516004,-0.173908,££
Astor Victoria,23,3.5,51.4903068,-0.1377046,£
Lidos Hotel,6,3.0,51.4908149,-0.1387927,££
Best Western Shaftesbury Paddington Court,14,3.0,51.5135345,-0.1799362,££
Park Lane Mews Hotel,6,3.0,51.5057748,-0.1492855,££
Queens Hotel,2,1.0,51.5914024,-0.1438973,£££
The House Of Toby,2,5.0,51.5286763,-0.1187091,None
Mowbray Court Hotel,1,1.0,51.4909563,-0.1937292,££
MStay 27 Paddington Hotel,3,2.5,51.513974,-0.178229,None
Comfotel,1,1.0,51.501018,-0.221751,None
easyHotel,9,3.0,51.516745,-0.1722127,£
Jurys Inn London Holborn,18,3.0,51.5192986,-0.1208512,£££
Comfort Hotel Heathrow,7,2.0,51.4942474365234,-0.430739998817444,££
Travelodge Farringdon,8,3.5,51.5266203,-0.1139915,££
Portobello Gold,33,3.5,51.5128987,-0.202625,££
Jarvis Kensington Hotel Reservations,1,4.0,51.498352,-0.180276,££££
Georgian Hotel,1,3.0,51.518807,-0.1560043,None
Kettner's,79,3.5,51.51320113,-0.13040954242843,£££
Chiswick Rooms Hotel,2,2.0,51.4941273,-0.24474,£££
Travelodge,20,2.5,51.5301395893589,-0.120352728472182,££
Henry VIII Hotel,5,1.0,51.512822310843,-0.18367568713979,££
Central House Hotel,4,3.5,51.490892,-0.138727,££
Hotel Chocolat,56,4.5,51.5147637621008,-0.126961926387449,££
Commodore Hotel,6,2.0,51.5118237,-0.1807786,£££
Astor Court Hotel,9,3.0,51.519802,-0.14317,££
Arran House Hotel,9,4.0,51.5219973,-0.132316,None
Courthouse Hotel,29,3.0,51.514466,-0.1395843,£££
No 5,6,3.5,51.51664,-0.14399,£££
The Stafford,1,4.0,51.5059204101563,-0.140392005443573,£££
Heathrow Lodge,10,2.0,51.4799623,-0.4916941,££
Leisure Inn,3,2.5,51.5134878,-0.18388,£££
UoL Accommodates,2,1.5,51.5226205,-0.1315543,None
Sidney Hotel,16,2.5,51.4904432,-0.1386639,££
Premier Inn ,1,4.0,51.493227,-0.191357,None
Nayland Hotel,3,3.0,51.515764,-0.17239,£
Washington Mayfair,11,3.0,51.5072429,-0.1459951,£££
Ruskin Hotel,1,5.0,51.5197103,-0.1251425,None
London Serviced Aparthotel,1,3.0,51.5198951,-0.1365776,£
Cheval Harrington Court,1,3.0,51.4940093441755,-0.175684690475464,£££
The West Cromwell Hotel,1,4.0,51.4934767,-0.1992482,None
Dean Street Townhouse,136,4.0,51.51350193,-0.13258903,£££
Z City,3,3.0,51.513687,-0.110501,££
Travelodge London Central Kings Cross Royal Scot Hotel,10,3.0,51.5301395893589,-0.120352728472182,££
Thistle Trafalga Square,4,4.0,51.5092,-0.130156,£££
Think Apartments Earls Court,7,3.0,51.4936131,-0.2021927,£££
Royal National Hotel,53,2.0,51.5235389240113,-0.126993763382977,££
The Stay Club Willesden,2,1.5,51.537665,-0.250461,££
Mercure London Kensington,1,2.0,51.49493,-0.190489,££
The Hamiltons Hotel,1,3.0,51.517611,-0.1688217,None
Winrose Hotel,1,3.0,51.517925,-0.168513,None
St Giles,49,2.5,51.517433,-0.130481,££
Kings Paget Hotel,1,3.0,51.5049457,-0.4680968,££
Holiday Inn Express,2,2.5,51.4807886084156,-0.124197006227556,None
Maranton House Hotel,3,2.5,51.4924483,-0.1909406,£
Orchard House Hotel,3,2.5,51.5164202,-0.1712133,££
Admiral Hotel,3,3.5,51.514868,-0.17257,None
Rasool Court Hotel,1,3.0,51.4910792,-0.1933054,None
Grange Strathmore Hotel,5,2.5,51.49590851063,-0.18133348131517,£££
The Castleton Hotel,9,1.5,51.5149193,-0.1735521,££
Hyde Park Suites,6,1.5,51.5117424896133,-0.186041609811476,££
The London Town Hotel,2,3.5,51.4907905,-0.1931837,None
Melita House Hotel,3,3.0,51.490184,-0.138885,££
Chrysos Hotel,5,3.0,51.5157962,-0.1727228,£
B+B Belgravia,6,3.0,51.4944745,-0.1490956,££
Hard Rock Hotel London,11,3.0,51.5138528057097,-0.158578244705268,None
Seraphine Hotel Kensington Gardens,3,3.5,51.502055,-0.188298,£££
The Belvedere,6,3.0,51.5166821,-0.1726058,£
Premier West Hotel,2,1.0,51.494623,-0.228627,£
The Georgian House,21,3.0,51.4904958,-0.1438013,£££
searcys roof gardens,2,2.5,51.4994407,-0.1607174,None
Z Hotels,25,3.5,51.5135543,-0.1296373,£££
The Liongate,1,5.0,51.4065285,-0.33651,None
Albany Hotel,1,2.0,51.525392,-0.125989,None
Chelsea Guest House,3,3.5,51.4712515,-0.1373962,None
Hadleigh Hotel,2,4.0,51.515514,-0.160942,££
Jubilee Hotel,2,3.5,51.491344,-0.14568,££
Comfort Inn,4,2.0,51.509479,-0.196794,£
Travelodge,1,3.0,51.5301395893589,-0.120352728472182,£
Mercure Paddington,6,2.5,51.5161667,-0.1748416,£££
Pacific Hotel,1,2.0,51.5160639,-0.171611,None
Metropolis Hyde Park,1,2.0,51.51652,-0.1706166,None
Hyde Park Serviced Rooms,2,1.0,51.5187629,-0.1673452,None
Durrants Hotel,8,2.5,51.5179958337339,-0.152973823773209,£££
Citadines Holborn,17,3.0,51.5179941,-0.1180555,£££
Hyde Park Court Hotel,1,1.0,51.5165401,-0.1726157,£
LSE Passfield Hall,2,5.0,51.525333,-0.130763,None
Hotel Balkan,1,1.0,51.5009475,-0.2218251,None
Comfort Inn Earls Court,1,2.0,51.490888,-0.193048,££
Star Hotel,2,4.5,51.4981864,-0.2222067,None
Shaftesbury Hotel - Best Western,5,3.0,51.512231,-0.131919,£££
Kensington Rooms,9,2.5,51.4945093,-0.1875781,££
Ibis Styles Kensington,4,2.5,51.4934657963047,-0.192256088209888,££
The Albro House Motel,1,5.0,51.5148585,-0.1725585,££
Berkeley Court Hotel,3,3.0,51.5153093,-0.1600287,£
The Piccadilly London West End,4,3.0,51.512236,-0.13186,£££
Thistle,2,2.5,51.517968,-0.124564,None
Norfolk Plaza Hotel,9,2.0,51.5159558,-0.1726832,££
Astor Kensington,5,3.0,51.494935,-0.187241,None
Kingsway Park Hotel,1,3.0,51.515166,-0.172054,None
Earls Court Gardens Hotel,1,1.0,51.4933588,-0.1910702,None
Beverley City Hotel,3,2.5,51.5157203674316,-0.172463998198509,None
MacDonald Hotel,7,3.5,51.5289955,-0.1229296,None
MyHotel,3,3.5,51.5246391,-0.13792,None
Hotel Columbus,1,2.0,51.515166,-0.172054,None
The 29,6,2.5,51.49053588,-0.14375034,££
SO King's Cross Hotel,2,1.5,51.5307148,-0.1181031,££
Bloomsbury Palace Hotel,3,2.5,51.520752,-0.131067,£££
Sohostel,6,5.0,51.5150779089329,-0.133680928287407,None
Castletown House Appartments,1,4.0,51.4894065856934,-0.206633001565933,None
Queens Park Hotel,23,2.0,51.511672,-0.185063,££
Angus Hotel,3,2.0,51.52860403,-0.12188494,££
Metro Hotel,1,2.0,51.5151992174416,-0.176854133605957,None
37 Collingham Place,1,3.0,51.4939149,-0.1899485,££
Regina House,2,2.5,51.4959661,-0.1836679,None
Barkston Garden Hotel,4,2.0,51.492151,-0.191586,££
Selfridge Thistle Hotel,3,2.5,51.5145855,-0.1528388,££
Easy Hotel,4,3.0,51.4900714,-0.4336454,£££
Easy Hotel,4,2.5,51.4959411621094,-0.189015999436378,£
The May Fair Hotel,72,3.5,51.50814,-0.143972,£££
Sara Hotel,2,3.0,51.4882985,-0.1956676,None
Hotel Meridiana,4,3.0,51.528975,-0.122901,££
Paddington Court Hotel,1,1.0,51.5136363103898,-0.180130599999975,None
Arriva Hotel,8,3.0,51.5287822,-0.1184571,£
The Dining Room at The Goring Hotel,27,4.0,51.497484,-0.145575,££££
London Premier Kensington,1,2.0,51.4934028,-0.1917263,None
Waverley House Hotel,1,3.0,51.5195989,-0.1218568,None
Cranley Hotel,11,2.5,51.4914223,-0.1832023,£££
Holiday Inn Express,5,3.0,51.4589374184552,-0.443082890955452,None
European Hotel,3,2.5,51.529146,-0.12177,None
Hotel 65,6,3.0,51.4993315,-0.2218908,£
Whiteleaf Hotel,2,1.5,51.512868,-0.186255,None
Eden Plaza Kensington,8,2.5,51.4949757582938,-0.179427091443552,££
Kensington Town House Hotel,4,2.5,51.4932606,-0.1919833,£££
Balmoral House Hotel,4,1.5,51.51531,-0.17323,None
The Franklin Hotel,2,1.0,51.4960283,-0.1686355,££££
Ravna Gora Hotel,5,2.5,51.50749,-0.203127,££
Flexistay Aparthotel,1,3.0,51.520262,-0.1365743,££
Roland House Apartments,1,1.0,51.490696,-0.180653,None
The Londonears Hostel,1,2.0,51.4926453,-0.1896983,None
Earl's Court Youth Hostel,11,3.5,51.4902146936917,-0.189524889549261,None
The Paramount Hotel,5,2.5,51.4923523,-0.1978013,£
The Manor Hotel,1,1.0,51.4929288,-0.1955272,None
Westbury Hotel,5,2.0,51.493602,-0.189741,£
Craven Gardens Hotel,2,1.0,51.5117392,-0.1828965,None
Melville Hotel,1,3.0,51.5286638,-0.1225448,None
Radisson Blu Edwardian Sussex,11,3.0,51.514467,-0.155566,£££
Central Park Hotel,28,2.0,51.5113948,-0.1853731,££
Rose Court Hotel,4,2.0,51.5152971,-0.160082,££
Opulence Hotel,5,1.5,51.518017,-0.15829,£££
Tudor Lodge Hotel,1,2.0,51.5831096,-0.4007465,£££
Ashley Hotel,4,2.0,51.5156759,-0.1731871,££
Staunton Hotel,5,4.0,51.520157,-0.130428,£££
Piccolino Hotel,2,3.0,51.514298,-0.172939,None
Clink 78,50,3.5,51.5287349,-0.115516,None
The Enterprise Hotel,4,2.5,51.493502,-0.192296,£££
raddisson edwardian hotel,1,3.0,51.4813134446969,-0.441089976723341,None
Camden Regents Apartments,1,2.0,51.5374,-0.145712,None
Europa House Apartments,1,4.0,51.527078147323,-0.18279785405551,None
MEININGER Hotel London Hyde Park,5,3.0,51.4955705,-0.1794574,££
The Mabledon Court Hotel,1,2.0,51.5277628,-0.1275234,££
Golders Green Hotel,2,1.0,51.574881,-0.20327,££££
La Suite West,10,3.5,51.5122966,-0.1866112,£££
St. Mark Hotel,7,2.0,51.492750274912,-0.190409975221817,££
Royal National Hotel,6,2.5,51.5235389240113,-0.126993763382977,££
Rooms at 175,1,1.0,51.53051,-0.11836,None
Hotel Lily,6,1.5,51.486422,-0.197865,££
Crestfield Hotel,14,2.5,51.5297696,-0.1223805,£
Hotel 43,1,1.0,51.5118504,-0.1853182,None
Generator London,116,3.0,51.525956,-0.124763,£
Safestay,6,2.5,51.50266,-0.201424,£
The Blades Hotel,2,3.5,51.4895077478464,-0.136694559914758,£
Keystone House Kings Cross,13,2.5,51.5309968720875,-0.12082946776488,None
Holly House Hotel,5,2.0,51.4924467,-0.1455845,££
Central Hostel,3,2.0,51.513032,-0.191033,None
The Wellington,41,3.5,51.5036856621497,-0.111490391566465,££
Harrington Hall Hotel,5,2.0,51.4931857,-0.1822232,££
The Royal Trafalgar,5,3.5,51.509136,-0.130191,£££
The Chester Hotel,3,2.0,51.49235,-0.14086,£
Piccadilly Hotel,12,2.5,51.511192,-0.135579,£
Lords Hotel,3,1.5,51.5141524,-0.191816,££
Kamen House,2,1.0,51.5236022419522,-0.108310719751003,££
Sir Alfred Hitchcock Hotel,3,4.0,51.5767298,0.0116831,£
The Hoxton - Shoreditch,187,4.5,51.5255813407725,-0.0828488618135452,££
Newham Hotel,2,4.0,51.546674,0.0276473,££
Best Western Greater London,1,5.0,51.5602808621726,0.0698598101735115,££
Holiday Inn Express Hotel,2,4.5,51.604134,-0.021056,££
Holiday Inn Express Hotel London-Newbury Park,2,3.0,51.574977,0.088571,£
Banks Hotel,1,3.0,51.5638531,0.0676909,None
London Marriott Hotel Canary Wharf,31,4.0,51.507514,-0.021136,£££
The Whitechapel Hotel,4,4.0,51.6168996,-0.0135102,££
InterContinental London - The O2,19,4.5,51.5030855006843,8.09260930420745e-05,£££
.Kip,4,5.0,51.5472762163796,-0.0562167540192604,££
Express by Holiday Inn,5,3.0,51.51274,0.010823,£
MOXY London Excel,5,4.5,51.5084952541802,0.041261626983669,££
The Westbridge Hotel,4,4.0,51.5373745836914,-0.00240183800612304,£
Hotel Indigo,24,4.5,51.5130615234375,-0.075995996594429,££
Holiday Inn Express ,7,4.0,51.5364565,-0.0043908,££
Hartley Hotel,2,3.5,51.5470347,0.0305946,£
Avo Hotel,2,5.0,51.546015418581,-0.070138334191739,££
40 Winks,3,4.5,51.5214767456055,-0.0512520000338554,£££
Travelodge Hotel,2,4.0,51.5368918737945,-0.00374722174493076,££
Canary Riverside Plaza Hotel,1,5.0,51.5063324304966,-0.0276777253700382,None
Novotel - Canary Wharf,7,4.5,51.5011705016132,-0.0232607871294022,££
Travelodge Hotel,1,2.0,51.582762582622,0.020729999248845,None
Good Hotel London,5,5.0,51.5075242022027,0.0198131427168846,££
King's Oak Hotel,3,4.0,51.6643305467892,0.0399333204107479,££
Holiday Inn London Commercial Road,11,4.5,51.5148315429688,-0.05842399969697,£££
Holiday Inn Express Hotel London-Greenwich,7,3.5,51.492341,0.009954,££
ibis Hotel,1,5.0,51.542339,0.004421,£££
DoubleTree By Hilton London Greenwich,9,4.5,51.4744852142273,-0.0194562037048627,££
Crowne Plaza London - Docklands,12,3.5,51.508286776814,0.0202709513628385,££
Hilton London Canary Wharf,24,4.5,51.500929,-0.01973,£££
Mile End Hotel,1,5.0,51.5266128,-0.036171,None
Holiday Inn,9,3.5,51.542652,-0.007292,££
Point A Hotel Canary Wharf,1,4.0,51.5076370239258,-0.0264800004661083,££
CitizenM Hotel,78,4.5,51.5051155599748,-0.098283347856649,££
Apex City of London Hotel,35,4.5,51.5105825,-0.0793204,££
Best Western London Ilford Hotel,1,1.0,51.5600764320751,0.0670267391862933,None
Marriott Executive Apartments London Canary Wharf,9,4.5,51.50716,-0.02114,£££
Aloft London Excel,29,3.5,51.507607,0.036539,£££
Holiday Inn Express London-Limehouse,8,3.5,51.5108,-0.04355,££
citizenM Tower of London,27,4.0,51.5102499752476,-0.0766607053971314,££
The RE London Shoreditch,28,3.0,51.531964998363,-0.061595150072025,££
Hotel Ibis Barking,1,2.0,51.5338409107299,0.0719859876543024,££
Travelodge London Bethnal Green,6,3.5,51.5264615,-0.0558268,££
The Curtain,8,4.5,51.5236988173443,-0.0806030631065369,££
Ibis London Docklands London Docklands,3,3.5,51.5069386,-0.006959,££
Threadneedles Autograph Collection,24,4.0,51.514096,-0.085608,£££
Moxy London Stratford,2,4.0,51.5428249003939,-0.00111646363931369,££
Railway Tavern Public House Hotel,3,3.5,51.545106,0.000178,££
Nobu Hotel Shoreditch,11,4.0,51.5250722,-0.0826811,££££
Shangri La Hotel,30,4.5,51.5052532,-0.0869875,££££
Andaz London Liverpool Street,88,4.5,51.5172135,-0.0813499,£££
United Lodge Hotel,1,5.0,51.574279,-0.097743,££
Woodville Guesthouse,3,5.0,51.5838396,-0.0302833,None
Epsilon Hotel,1,5.0,51.5424549898552,0.0066344,£
Residence Inn by Marriott,12,4.0,51.4987162467047,-0.0841357962951861,££
Vintry & Mercer,2,5.0,51.5113562370366,-0.0937795889925723,None
citizenM,16,4.0,51.5239443,-0.0777037,££
Leman Locke,9,4.5,51.5145665,-0.0710777,£££
Premier Inn,2,3.0,51.5463708932074,-0.0728206346303018,None
Ibis Styles,1,1.0,51.5733103,-0.0164089,££
Holiday Inn Express,21,3.5,51.5267381,-0.0831706,££
Waltham Abbey Marriott Hotel,4,3.0,51.6816004231084,0.0283494207973263,££
Batty Langley's,3,5.0,51.5210115062075,-0.0783524139418201,££££
Bexleyheath Marriott Hotel,4,3.5,51.4547869858894,0.152198999999996,££
Novotel ,5,4.0,51.5085,0.0250402,£££
The Dixon,14,4.0,51.501578,-0.075917,None
Hilton London Tower Bridge,47,4.0,51.5046388785402,-0.0824432680348952,£££
Novotel London Greenwich,11,3.0,51.4794456,-0.0097011,££
Hampton by Hilton London Docklands,5,4.0,51.5086939673379,0.0407578174438186,None
Mayfair Hotel Hotel,1,4.0,51.5608432,0.071094,£££
The Old Ship Inn,13,3.5,51.546033,-0.056014,££
Premier Inn,8,3.5,51.5276299,-0.0868,££
DoubleTree by Hilton Hotel London - Tower of London,72,4.0,51.5109056055575,-0.0782793035577134,£££
Premier Inn,1,3.0,51.5312623055583,0.148094596438133,££
Hotel St.Georgio,1,1.0,51.5770655249692,0.0682743763037908,None
Travelodge,7,3.0,51.5041068477671,0.0406973726260684,££
Town Hall Hotel,28,4.0,51.530489,-0.055754,£££
The Z Hotel ,28,4.0,51.5268102,-0.0883364,££
Premier Inn,2,3.0,51.54433,-0.00875,££
Kandara Guest House,1,4.0,51.5442326,-0.0875769,££
Best Western,1,3.0,51.6009422873091,0.0128826498985291,None
Motel One London,21,4.0,51.5127323585932,-0.0752671815219078,££
Travelodge,6,3.5,51.5115857,-0.002732,££
Crowne Plaza London Western Gateway,4,4.0,51.5082788,0.0202369,£££
Britannia International Hotel,33,2.5,51.501823073398,-0.023332518553605,££
Marlin Apartments Limehouse,1,4.0,51.5130239,-0.0422553,££
City Hotel London,6,4.0,51.5165291,-0.0697546,££
Hilton London Bankside,23,4.5,51.505734121605,-0.101752281188965,£££
The Manor,1,5.0,51.526543,0.225938,££
Radisson Blu Edwardian New Providence Wharf,12,3.5,51.5065935651922,-0.00416503446546373,£££
Sunborn Yacht Hotel,8,3.0,51.507774,0.024117,£££
New Road Hotel,2,4.0,51.51759,-0.06278,None
Citadines St Mark's London,6,4.0,51.5298483055582,-0.098963603561546,£££
DoubleTree by Hilton Hotel London ExCel,4,3.5,51.50752,0.03905,£££
Premier Inn- London City Tower Hill,6,4.0,51.5113259,-0.0721079,££
Ace Hotel,78,3.5,51.5257736494174,-0.0775833879899873,£££
London Bridge Hotel,9,4.0,51.505537,-0.08813,££
Apex London Wall Hotel,14,4.0,51.516060728928,-0.088007850668199,£££
Rossmore Hotel,2,1.0,51.563756,0.067058,None
South Place Hotel,31,4.5,51.519044,-0.086525,£££
Best Western London Highbury,1,3.0,51.567469,-0.099788,££
Qbic Hotel ,20,4.0,51.5164912,-0.0680791,££
The Rookery,11,4.0,51.52033,-0.1022499,£££
Spring Lodge Hotel,1,4.0,51.5654249,-0.1010514,None
De Vere Devonport House,5,3.0,51.4807535368275,-0.00742635152304036,££
The Montcalm Brewery London City,25,4.0,51.5205,-0.0873,£££
Leonardo Royal Hotel London Tower Bridge,5,4.0,51.5117535,-0.0716178,None
Travelodge,17,3.5,51.5225814036872,-0.0869478787353308,£
The Ned,31,4.0,51.5138261953983,-0.0899183012754747,£££
DoubleTree by Hilton Hotel London - Docklands Riverside,8,3.0,51.5042384890007,-0.0340705423278678,£££
SACO - the Cannon,2,5.0,51.5121695,-0.0933326,None
George IV Regency Hotel,1,4.0,51.5118301,-0.0113132,£
The Dockside,2,4.5,51.512691,-0.053415,None
Innkeeper's Lodge,1,5.0,51.4802048,-0.0098078,None
Liberty Bell,3,3.5,51.577771,0.186589,None
Premier Inn,4,4.0,51.4995027,-0.0792617,££
Ibis Hotel,20,3.5,51.5155666769023,-0.0726223150241646,££
Tune Hotel,13,3.0,51.5209666,-0.0776169,£
Ibis Styles London Excel,10,2.5,51.510118,0.02741,£££
Express by Holiday Inn Chingford,4,3.5,51.6030248,-0.0199528,£
Rosalee Guest House,1,2.0,51.5609076,0.0664586,None
Club Quarters,22,4.0,51.51283,-0.084819,££
Travelodge,13,3.5,51.511027,-0.073574,£
Crowne Plaza,1,4.0,51.508286776814,0.0202709513628385,£££
Church Street Hotel,5,4.0,51.4740486,-0.0902611,££
Four Seasons Hotel,5,3.5,51.510102,-0.07798,££££
Etap London Barking Hotel,1,2.0,51.5349333687659,0.0707242711639537,££
The Bermondsey Square Hotel,6,3.5,51.497646,-0.081419,££
London City Hotel,4,4.0,51.5011849,-0.0935363,££
Docklands Lodge,1,3.0,51.5087084734679,-0.010854044824058,None
Mercure London Bridge,13,3.5,51.505306,-0.099363,££
Kings Hall,1,5.0,51.464331,-0.08857,None
The Chamberlain,13,3.5,51.5122119767151,-0.0756161089861705,££
Holiday Inn Express London - Southwark,8,4.0,51.5060319142199,-0.101799150299869,££
Viking Hotel,1,2.0,51.544106,0.015018,None
Ibis Budget London Whitechapel,9,3.5,51.51772,-0.064975,££
Best Inn Hotel,1,3.0,51.5600471496582,0.0673508048057556,None
Thistle City Barbican Hotel,27,3.0,51.5274751,-0.0969153,££
belvedere hotel,1,3.0,51.4874215,0.1498248,None
Premier Inn,1,4.0,51.474948,-0.0201,None
DORSETT,6,3.5,51.5141089,-0.075802,None
Travelodge,1,1.0,51.4921627,0.063931,None
Mitre Hotel,13,3.5,51.480214,-0.009819,££
Premier Inn,3,2.0,51.676902,-0.02166,££
Accomodation Hotel London Bridge,1,5.0,51.4969371,-0.0907526,None
Malmaison London,31,3.5,51.520904,-0.100256,£££
Premier Inn,1,3.0,51.6308017,0.0022958,None
The New Globe,5,3.5,51.5232109,-0.0392832,£
Travelodge Hotel,4,3.0,51.5115814,-0.00269,None
The Clarendon Hotel,5,2.5,51.4682774,0.0091642,££
ibis London Excel Docklands,3,2.0,51.5080060413983,0.0222073495388031,££
Rez Appartments,2,3.5,51.5183430055578,-0.0783122035591965,££
London Bridge Hotel,10,4.0,51.50526,-0.0881825,£££
Guoman Hotels,3,2.5,51.506085,-0.070554,£££
The Pilot,19,3.5,51.496212375272,0.010249752490199,££
purplehotel City of London,1,5.0,51.5114,-0.0725642,None
Fraser Place,2,3.0,51.504985,-0.011175,£££
Pasha Hotel,5,3.5,51.4795931,-0.0944206,££
London Stay Apartments,1,5.0,51.490729,-0.053326,None
Harefield Manor Hotel,5,3.0,51.583398,0.190001,££
M by Montcalm Shoreditch,12,2.5,51.5276621,-0.088896,£££
Premier Inn -London Bank,1,4.0,51.509677,-0.083509,££
Hampton Court Palace Hotel,1,5.0,51.4916515,-0.101168,None
Lincoln Plaza London,3,4.0,51.4984914860926,-0.0193278202377769,None
The Alternative London Tour,4,4.5,51.51953,-0.071673,None
Citadines Barbican,5,3.0,51.5217499,-0.0975536,££
Travelodge Cheshunt,1,4.0,51.6886648488045,-0.0445002728829687,None
Leonardo Royal Hotel,39,3.0,51.5108236,-0.0765678,£££
Journeys London East Hostel,1,1.0,51.488083,0.061522,None
ibis Hotel,8,2.5,51.4797969,-0.0091342,££
Holiday Inn Express London - Dartford,2,3.0,51.45554,0.23877,££
London City Arport Travelodge,1,4.0,51.50335,0.04137,£
Safestay,13,3.5,51.488846,-0.096102,££
hotel lancester,1,1.0,51.5341,0.0615147,None
Antigalarian Hotel,1,3.0,51.486327,0.01198,None
London Full House,1,3.0,51.4940147,-0.0939384,££
LSE Bankside House,3,4.5,51.50643186607,-0.09860309874165,None
The Montcalm Royal London House,6,3.0,51.52188,-0.085613,£££
Fraser Residence Bishopsgate,1,5.0,51.518353,-0.078324,None
mal maison hotel,1,4.0,51.5210929336617,-0.100713136671171,None
Bull and Vic,3,4.0,51.4438784,0.2197199,None
Diana Hotel,1,4.0,51.4397798,-0.0969496,None
The Highbury Centre,2,4.0,51.551274,-0.0954,None
Antigallican Hotel,1,3.0,51.4881,0.0326619,None
Forest Gate Hotel,3,1.0,51.5536244,0.0338616,None
Novotel,19,3.0,51.5107422215021,-0.0773233340107206,£££
Eurotraveller Hotel,2,2.5,51.490254319448,-0.0806850207667385,None
Travelodge Hotel,2,3.0,51.5158002507457,-0.0776990000557405,££
DoubleTree by Hilton Hotel Dartford Bridge,7,3.5,51.4528197277253,0.245267352019329,££
Premier Travel Inn,2,3.5,51.5152846,0.060793,£
Ridgeway Hotel,1,2.0,51.6267333,-0.0089386,None
Travelodge London Excel,1,3.0,51.5080021,0.0473149,££
Commongate Hotel,1,1.0,51.5762752,-0.0297424,None
Sleep Inn Juno Court,1,4.0,51.5117,-0.0707243,None
Heartbreak Hotel,1,5.0,51.4983246,0.0126458,None
Tulse Hill Hotel,6,3.5,51.441224118169,-0.10659549914551,None
Courthouse Hotel,5,3.0,51.527348839778,-0.0795871189053806,None
travelodge,1,2.0,51.5801506,0.18023,None
Alfirdo's Guest House,1,1.0,51.5639748,0.0656836,None
Club Quarters St Pauls,28,3.0,51.5139225055576,-0.101183303558314,££
The Tower Hotel,61,3.0,51.5066320894399,-0.0727729851806771,£££
The Windmill on the Common,36,3.5,51.4567564,-0.145756,££
196 Bishopsgate,11,3.0,51.5179134,-0.0797977,£££
Novotel,20,3.5,51.5055007978811,-0.095158578978521,££
Citizen,1,5.0,51.5050507191288,-0.0985882998675892,None
The Grove Hill Hotel,1,1.0,51.5939172399785,0.0179830398563525,None
YHA London St. Paul's,10,3.5,51.513081999916,-0.10094735772716,None
Holiday Inn ,3,2.5,51.446391,0.15408,££
The Dictionary Hostel,18,3.5,51.5277074573188,-0.0778712770395991,None
Travelodge Hotel,1,1.0,51.537112,0.079786,££
St Christophers Inn,44,3.5,51.5036626,-0.0911184,££
Premier Inn,4,3.5,51.5069724055573,-0.0929414035568721,££
Best Western,4,2.5,51.4739883,-0.0754402,££
The Railway Hotel,2,2.0,51.560623,0.2204958,££
LSE Bankside House,1,4.0,51.506427,-0.098654,None
Wombat's The City Hostel London,19,4.0,51.510423,-0.0681677,None
Ibis styles London Southwark Rose,5,3.5,51.5055007978811,-0.095158578978521,££
Clayton Hotel,3,3.5,51.514808,-0.071251,None
Finsbury Park B&B,1,2.0,51.5625744,-0.1007966,£££
City View Hotel,3,1.5,51.5264615,-0.0558268,£
OneSixTwo,1,3.0,51.478157,0.0190623,None
The Bridge Hotel,4,2.0,51.4990828,-0.1016132,££
Elena Hotel,1,1.0,51.5445458,-0.0888443,None
Central Park Hotel,1,2.0,51.5651881,-0.1022287,££
Enfield Holtwhites Hotel,1,1.0,51.659712912899,-0.087850622994661,££
The Barbican Hotel,2,2.0,51.5274751,-0.0969153,££
Premier Inn ,2,2.5,51.5047745,-0.1014748,££
easyHotel - Old Street,3,3.5,51.524394,-0.094748,None
Southwark Rose Hotel,4,3.5,51.5055007978811,-0.095158578978521,£££
Pembury Hotel,5,1.5,51.56598,-0.10204,None
London Peckham Hotel,2,1.0,51.4735994027148,-0.0756508990607359,££
Hotels Canary Wharf,2,1.0,51.5075168,-0.0226392,None
Premier Travel Inn,1,2.0,51.506818,0.2261,££
Leonardo Royal Hotel,6,3.0,51.5127532,-0.0993758,None
Amhurst Lodge,5,1.5,51.5745945,-0.079053,None
Chamberlain Hotel Restaurant,4,2.5,51.511989546354,-0.0755741994703385,None
Landmark Apartments,5,2.5,51.5259472171549,-0.0822431630711833,££
Go Native - London Bridge,3,2.0,51.49889,-0.084022,££
London Shelton Hotel,1,2.0,51.5769863,-0.1039248,None
Travelodge London Balham Hotel,1,3.0,51.4428935836374,-0.152940076933523,None
Travelodge Hotel,1,1.0,51.5801575658187,0.180442686352367,None
LSE Rosebery Hall,1,2.0,51.527603925189,-0.107042684655767,££
St Christopher's Inn,2,2.5,51.5036,-0.091193,££
Elmwood Hotel,2,1.5,51.5290759,-0.1219128,None
Travelodge Hotel,11,2.5,51.527324,-0.115213,££
Gresham Hotel,1,1.0,51.518336,-0.127864,££
The Judd Hotel,10,2.0,51.5262344,-0.1269806,££
The Goodwood Hotel,4,1.0,51.5255408,-0.1257394,£
Belgrove Hotel,4,2.0,51.529661,-0.123608,££
Carlton Hotel London,1,2.0,51.5297566,-0.1217804,None
Assembly London,2,3.0,51.5105438232422,-0.128731995820999,None
The Salisbury Hotel,30,4.0,51.5821099309491,-0.0997781753540039,££
Balham Lodge,3,4.0,51.4363654,-0.1451881,None
Hotel Chocolat,5,4.5,51.518892,-0.088232,££
Journeys Kings Cross Hostel,5,2.5,51.532335,-0.120052,None
High Holborn Apartment TopFloor!,1,3.0,51.5159607,-0.1250667,None
Hotel Strand Continental,5,2.0,51.5114302,-0.1183793,None
Rosewood Hotels & Resorts,1,2.0,51.517753,-0.12182,£££
Euro Lodge Clapham,11,2.0,51.4621032,-0.1364988,£
Hotel Chocolat,1,5.0,51.5159536703677,-0.10837197303772,None
St Christopher's Village London Bridge,12,2.5,51.5020393421732,-0.0927776098251143,None
Smart Hostels,10,2.0,51.5228771,-0.1230879,None
Hotel Chocolat,5,4.5,51.5099716186523,-0.122125998139381,££
Flexistay Aparthotel,1,3.0,51.438601,-0.163536,None
Restup,12,2.5,51.4938653720948,-0.0906588734718525,None
Dez - Rez Hotel,1,1.0,51.4394077,-0.0319632,None
Premier Inn London Brixton,5,3.5,51.4617958068848,-0.114632003009319,None
Belle Cour Hotel & SPA,3,2.0,51.4932327,-0.1397839,£££
Blair Victoria,5,1.0,51.4914437,-0.14212,£
Country Inns & Suites,5,1.5,51.5175138,-0.1294779,£££
The Victoria Park Plaza,11,3.0,51.4942431032449,-0.141779560397999,£££
International Students House,9,3.0,51.5237940003609,-0.144480504321677,None
Curzon Plaza,2,2.5,51.507376,-0.145015,££
Marne Hotel,1,3.0,51.4915745,-0.1407743,None
The Tophams Hotel,14,2.0,51.4959145,-0.1475845,££
L'Hotel Samuel,1,5.0,51.506420135498,-0.127210006117821,None
Kings Cross Inn,7,2.0,51.530078832709,-0.122757372386139,££
Excelsior Hotel,4,1.5,51.528975,-0.122901,£££
Garth Hotel,1,2.0,51.5216848,-0.1321776,£
Sheriff Hotel,7,1.5,51.4907958607283,-0.144827216863632,££
Corbigoe Hotel,1,1.0,51.4897548,-0.1365474,££
The Mandrake Hotel,2,2.5,51.5175693,-0.1354587,None
The Victoria Inn,5,2.0,51.4902769,-0.1373713,££
The Tudor Inn Hotel,4,1.0,51.49165039,-0.1423299,££
Soho,6,3.5,51.5123741186473,-0.137837235345764,£££
Enrico Hotel,5,3.0,51.4915521,-0.142754,£
Piccadilly Circus Apartments,1,3.0,51.5099589,-0.1326777,None
Quality Hotel Cocktail Bar & Coffee Lounge,1,2.0,51.4914283,-0.1440771,None
Belgravia Hotel,5,2.0,51.4933182,-0.1505076,££
GKLets,1,5.0,51.5000152587891,-0.127016574144363,None
Elmwood Hotel,2,2.0,51.529034,-0.1216496,None
Driscoll House Residential Care Home,2,2.0,51.6083112,-0.1142314,None
Thistle Hotel,5,2.0,51.5091767449768,-0.130165457672092,£££
Travel Lodge,3,2.5,51.5111982,-0.0698692,££
Grapevine Hotel,4,1.0,51.490928,-0.144934,£
Dover Hotel,3,1.5,51.4918943,-0.1417134,£
Ivanhoe Suite,1,1.0,51.5152959,-0.1500007,None
Surtees Hotel,1,1.0,51.4912479,-0.1427859,££
The Airport Inn at Gatwick,1,1.0,51.50311,-0.08414,None
The St George's Inn Victoria,2,2.0,51.492348,-0.14166592,None
Warwick Bed & Breakfast,1,1.0,51.4917044,-0.1422122,££
Tower Bridge - Londinium Tower Apartments,1,1.0,51.51166,-0.072725,None
Linden House,1,2.0,51.5144521,-0.1730731,££
Thistle Victoria Hotel,3,1.5,51.4956163,-0.1455211,None
Lonsdale Hotel,6,1.5,51.520191,-0.124002,££
Limegrove Hotel,2,3.0,51.491347,-0.143563,None
Adare Hotel,1,1.0,51.514868,-0.17257,None
Victor Hotel,2,1.5,51.4906668,-0.1384661,££
The Hallam Hotel,3,1.5,51.5194812,-0.1430523,None
Shaftesbury Suites,1,1.0,51.5157563,-0.160387,£££
Hanover Hotel,6,1.5,51.4908232,-0.1434915,£££
Astoria,1,2.0,51.5162806,-0.171186,None
Lansdowne Club,3,3.0,51.5082479,-0.1450466,££
The Somerset Hotel,4,1.5,51.5232847,-0.1599251,£
LSE Grosvenor House,2,2.0,51.5143465191805,-0.121290050331936,None
Comfort Inn,2,2.5,51.5239181518555,0.0316958464682102,££
The Andrews House Hotel,1,2.0,51.5129942,-0.1754089,£
Bakers Hotel,1,1.0,51.4907718,-0.1445992,None
Hotel Chocolat,1,4.0,51.504632,-0.016307,££
The Hotel Cavendish,3,1.5,51.5219523,-0.132266,£££
budget hotel,2,2.0,None,None,None
Il Ristorante at Bulgari Hotel and Residences,1,5.0,51.501408,-0.162893,None
Carlton Hotel,2,2.5,51.4900479,-0.1378265,£££
Belgrave House Hotel,3,1.5,51.491972,-0.142183,££
Royal Norfolk Hotel,2,2.0,51.5157047979143,-0.174391369812951,£
Tonys House Hotel,1,1.0,51.516368,-0.1727643,None
London Bridge Apartments,3,2.5,51.5034957,-0.0921468,None
The London Baby Equipment Hire Company,2,3.0,51.520717,-0.1584901,None
onefinestay,41,1.5,51.5247,-0.107248,None
Refresh Accommodation,1,1.0,51.488549,-0.169777,None
Brompton Hotel,1,1.0,51.4937057,-0.1752535,££
Hostel Acacia London,4,2.0,51.4946819,-0.1776318,£
Hotel Chocolat Retail,1,4.0,51.5050515151189,-0.0860538798425314,None
Mitre House Hotel,9,2.0,51.5141574,-0.1745084,£
Alexandra Hotel,7,1.5,51.5147153,-0.1731329,££
Piano Bar @ Sheraton Park Tower Hotel,2,3.5,51.50194571312,-0.15881639527933,££
Ventures Hotel,3,1.0,51.517925,-0.168513,££
Chelsea Cloisters,10,2.0,51.4927012006194,-0.16708668878888,None
Seymour Hotel,2,1.0,51.51643,-0.171225,None
Oyo Park Hotel,2,1.0,51.4906,-0.139076896993629,None
LSE Northumberland House,1,1.0,51.5069457,-0.1256211,None
Romano's,1,1.0,51.4902682,-0.138669,None
Dover Hotel London,2,2.5,51.4918938,-0.1417134,None
The Gainsborough Hotel,1,1.0,51.4948416,-0.1772056,None
St George's,1,1.0,51.4901696,-0.142482,None
Hotel,1,5.0,51.525081,-0.055537,None
The Station Hotel,12,3.5,51.4530802,-0.0001496,££
Beaufort House Services,1,1.0,51.498139,-0.165445,££££
Belmont and Astoria Hotel,2,1.0,51.5178018,-0.1682135,£££
The Orange Public House & Hotel Victoria,65,3.5,51.4905695688428,-0.152324890517983,££
Go Native Tower Hill,2,1.0,51.512568,-0.075987,None
Hotel Sophia,2,1.0,51.5155845,-0.174696,None
Continental Hotel,2,1.0,51.5162376,-0.1733922,£
The Cafe At Hotel Cafe Royal,4,3.5,51.5101163,-0.1356069,None
Oliver's Travels,4,1.5,51.4650993,-0.1319268,None
Rose Court Hotel,5,1.5,51.514715,-0.174882,£
Grosvenor Arms - Grosvenor Hotel,1,4.0,51.4956195,-0.1452161,None
Fountain House,1,1.0,51.5119846,-0.176262,None
Marble Arch Inn,4,2.0,51.51511,-0.161592,££
Gainsborough Hotel,1,1.0,51.4949494,-0.1773541,£££
The Bar At The Courthouse Hotel,6,3.5,51.514476776123,-0.139596000313759,None
Hotel Chocolat,1,4.0,51.5442886,-0.0087,None
Hotel Chocolat,1,2.0,51.50157,0.00477,None
The Hollow Hotel,1,2.0,51.4946268047607,-0.0622570756005529,None
Hotel Chocolat,2,3.5,51.518892,-0.088232,£££
Basement of Tavistock Hotel,1,3.0,51.52384,-0.12843,££
Hotel Chocolat,2,3.5,51.5226127766896,-0.162699345696096,None
Shunfat Hotel,1,1.0,51.511608,-0.0277769,None
The Phoenix Hotel,1,1.0,51.51836,0.1902,None
Lounge Bar @ Strand Palace Hotel,1,2.0,51.5110993,-0.1208673,None
British Hotel Reservation Centre,4,1.0,51.4975492727208,-0.147726031529181,None
Salisbury Hotel,1,1.0,51.5819397,-0.0993655,£££
The Forest Hill Hotel,1,2.0,51.441477,-0.0514108,None
Four Paws Hotel,2,1.0,51.595515,0.147455,None
Sanderson Hotel,107,4.0,51.517469,-0.13724,£££
Bromley Court Hotel,2,4.0,51.4185802,0.0017357,£££
Hampton by Hilton London Croydon,7,4.0,51.377838,-0.09627,££
Goodwood Hotel,1,4.0,51.4122422,-0.0272238,None
Travelodge- Bromley,1,3.0,51.410335896253,0.0101778679184594,None
Premier Inn Croydon Town Centre,3,3.5,51.3767123,-0.0966014,££
Hilton London Croydon,10,3.0,51.357852,-0.114987,££
Coombe Lodge,4,3.5,51.3625991519075,-0.0714010731548299,££
Mary Rose Hotel,2,3.0,51.393965,0.114888,££
Queens Hotel,10,2.0,51.415394,-0.083162,£
Astra Palace Hotel,2,3.0,51.4265427444411,-0.0736720896968756,££
Seldon Park Hotel,1,4.0,51.3390582149007,-0.0615502038673266,£££
Dukes Head,7,3.5,51.3667,-0.153648,££
The Bulls Head,4,3.5,51.411846,0.075438,££
Holiday Inn Hotel London-Sutton,2,3.0,51.3619,-0.19701,££
Premier Travel Inn,1,3.0,51.362542,-0.071565,££
De Vere Selsdon Estate,5,3.0,51.3386923,-0.0621593,£££
Pelican London Hotel and Residence,2,4.5,51.426038,-0.178259,££
Glendevon House Hotel,1,3.0,51.3935758,0.0450639,None
Croydon Park Hotel,13,2.5,51.3730624,-0.0912585,££
Holiday Inn Express,7,3.0,51.3741592,-0.1016108,££
The Long Room Bar & Hotel,5,4.0,51.4246887,-0.1638897,££
Hallmark Hotel Croydon,1,3.0,51.3626232,-0.1180781,None
Tamasha Restaurant,9,4.0,51.407033699541,0.026911100006131,£££
Travelodge Hotel,1,3.0,51.350563,-0.098953,££
Brewers Inn,20,4.0,51.456735500619,-0.18941637490385,££
Premier Inn ,1,4.0,51.4139165391048,-0.180677057113856,££
Hallmark Hotel,1,3.0,51.357173,-0.117365,None
Holiday Inn Express,7,2.5,51.4178373,-0.1787216,££
Travelodge Hotel - Caterham Whyteleafe,1,3.0,51.3034574,-0.0766187,None
The Lansdowne Hotel,2,1.0,51.3766678,-0.0972686,None
Best Western Plus Donnington Manor Hotel,4,4.0,51.300977,0.160692,£££
Paradise Wekend London,1,4.0,51.380137,-0.081662,None
Wedding Firework Displays And Lasers,1,4.0,51.3746904,-0.185804,None
Jurys Inn London Croydon,3,1.5,51.376045,-0.09771,£££
Antoinette Hotel,2,3.5,51.419326374197,-0.19506147243603,£££
Holiday Inn Express-Croydon,2,2.0,51.374243,-0.101908,£
Justin James Hotel,2,4.0,51.4203065637861,-0.211358553357287,£££
Rowhill Grange Hotel,3,2.5,51.4181032,0.1887767,££££
Tulsi Aparthotel,1,3.0,51.3685358037457,-0.0995025556020153,£
Greyhound Hotel,1,3.0,51.3650915,-0.1643308,£££
7 Hotel & Diner,3,2.5,51.3243767161913,0.155561114184369,££
Leigham Court Hotel,1,1.0,51.4355029,-0.1244122,££
Hotel Chocolat,3,4.5,51.402665,0.015739,£££
Eaton Court Hotel,1,2.0,51.3579591,-0.184325,None
Railway Hotel,1,3.0,51.4075809,0.0163336,££
Norwood Hotel,1,4.0,51.430995,-0.104103,£
Rowhill Grange,2,2.0,51.4168,0.1973,£££
Oakley Hotel For Cats,1,4.0,51.3742203,0.0390865,None
White Hart Hotel,4,5.0,51.412164,-0.311049,££
The Lensbury,2,4.0,51.427943,-0.318955,£££
DoubleTree by Hilton Hotel London Kingston Upon Thames,1,5.0,51.4135055896564,-0.305428873016353,££
Travelodge,2,4.0,51.4267925892495,-0.333538693580486,££
Premier Inn,1,5.0,51.4095936,-0.3009191,None
The Petersham Hotel,15,4.0,51.451053,-0.29908,££££
Richmond Hill Hotel,13,3.5,51.451791,-0.297196,££
Travelodge Hotel,1,4.0,51.410928,-0.298887,££
London Marriott Hotel Twickenham,10,2.5,51.4552303576301,-0.340806841850281,££
Bingham Riverhouse,9,4.5,51.4541495,-0.3029398,££££
Carlton Mitre Hotel,5,3.0,51.4043194793473,-0.342516128314744,£££
The Foresters,1,5.0,51.4129405,-0.311442,££
The Park Hotel Bar,2,3.0,51.4247568,-0.334537,£££
Kings Arms,7,2.5,51.4065007186881,-0.337529499467951,££
Holiday Inn,2,4.0,51.391092,-0.320248,££
Bull and Bush B&B Kingston,1,5.0,51.4085999,-0.28947,None
Brook Kingston Lodge Hotel,3,3.5,51.4188229595996,-0.278809319821221,£££
Richmond Gate Hotel,8,2.5,51.451228,-0.296771,££
Pope's Grotto Hotel,1,4.0,51.440268,-0.333165,££
Cannizaro House,10,4.0,51.42429,-0.22757,£££
Woodlands Park Hotel,6,5.0,51.3166658164562,-0.362780675440945,££££
Bosco Hotel,13,2.5,51.393708,-0.3033784,£££
The Liongate Hotel,1,3.0,51.406745,-0.330858,None
Oatlands Park Hotel,8,3.5,51.375137,-0.442416,£££
Marney's Village Inn,6,4.5,51.38386,-0.34789,££
Swan Hotel,15,4.0,51.43225,-0.51593,££
Sandown Park Lodge,1,3.0,51.373674,-0.362854,None
The Weir Hotel,3,4.0,51.401577,-0.411112,£
Anne Boleyn Hotel,1,5.0,51.4323377,-0.5162612,None
Bushy Park Lodge,1,2.0,51.4191865,-0.3252587,None
Holiday Inn,4,3.0,51.39176,-0.42577,££
Brooklands Hotel,4,4.0,51.3530502,-0.46982,£££
The BW Ship Hotel,6,2.5,51.373848,-0.456105,££
The Wimbledon Hotel,1,4.0,51.4169493,-0.2161334,££
Travelodge,1,4.0,51.4108,-0.300298,None
The Mercure Thames Lodge Hotel,8,3.5,51.43147,-0.51099,££
Travelodge Hotel,1,2.0,51.4497614512377,-0.330045078882538,None
Rose & Crown,10,3.5,51.426051,-0.220607,£££
Premier Inn Epsom Central Hotel,2,3.0,51.3287104,-0.271517,££
The Boat House & Bridge Hotel,3,3.0,51.389305,-0.488804,££
The Stanwell Heathrow Hotel,3,3.5,51.4555385,-0.4823481,£
Travelodge,1,4.0,51.3735710483679,-0.415375574768071,££
The Anchor Hotel,1,4.0,51.3880484,-0.4538522,££
Crown Hotel,7,4.0,51.3919497,-0.5024569,££
St Giles Hotel,7,2.0,51.449328,-0.406649,££
Flower Pot,3,3.0,51.4057552,-0.4079312,£££
The Talbot Inn,4,4.0,51.3006137,-0.4919166,£££
Feltham Travelodge,1,3.0,51.446377,-0.411098,£
Channins Hounslow Hotel,1,3.0,51.4423,-0.40761,None
Hilton Cobham,5,3.0,51.3335028165215,-0.438008337642714,£££
Chenin Hounslow Hotel,1,3.0,51.4531074,-0.405256,£
Raintree Bed and Breakfast,3,3.0,51.389482,-0.324633,None
Days Inn Cobham,1,4.0,51.306827,-0.4094816,None
Olde Swan Hotel,1,3.0,51.392669,-0.5050628,None
Golds Gym,3,3.5,51.468774,-0.3662388,££
Chalk Lane Hotel,2,3.5,51.31965,-0.26436,£££
Travelodge Hotels,1,1.0,51.41943359375,-0.416878998279572,None
Travelodge Hotels,2,2.5,51.435970714597,-0.514489279421309,£
Welbeck Hotel Restaurant,1,3.0,51.445268,-0.304965,None
Travelodge Heathrow Terminal 5,1,3.0,51.4684,-0.513268,None
Christian Community,2,3.5,51.4903975,-0.2255398,None
Ambassadors Hotel,12,1.5,51.49367,-0.188025,££
Curzon House Hotel,1,1.0,51.4937991,-0.1867764,None
St Simeon,2,2.0,51.492603,-0.186546,££
Hotel Oliver,4,2.5,51.495007,-0.193677,££
Civic Guest House,3,2.5,51.4739033783518,-0.364934593439102,None
The Hautboy,1,1.0,51.2999804,-0.4585635,None
Holland Inn Hotel,2,1.5,51.4985203,-0.2089234,£
La Reserve Restaurant & Bar,2,2.0,51.4802377598394,-0.190971457081001,None
Holiday Inn,8,2.0,51.4942881090697,-0.185131809694077,£££
